# OurAirports (public domain), large airports with scheduled service; tz assigned by scripts/make_airports.py
iata,icao,name,lat,lon,tz,municipality
AAC,HEAR,El Arish International Airport,31.0553,33.828,Africa/Cairo,El Arish
AAE,DABB,Annaba Rabah Bitat Airport,36.8268,7.8133,Africa/Algiers,Annaba
AAL,EKYT,Aalborg Airport,57.0948,9.8499,Europe/Copenhagen,Aalborg
AAN,OMAL,Al Ain International Airport,24.2617,55.6092,Asia/Dubai,Al Ain
AAR,EKAH,Aarhus Airport,56.3033,10.6183,Europe/Copenhagen,Aarhus
ABA,UNAA,Abakan International Airport,53.74,91.385,Asia/Krasnoyarsk,Abakan
ABB,DNAS,Asaba International Airport,6.2042,6.6653,Africa/Lagos,Asaba
ABD,OIAA,Abadan Ayatollah Jami International Airport,30.3679,48.2301,Asia/Tehran,Abadan
ABJ,DIAP,Félix-Houphouët-Boigny International Airport,5.2614,-3.9263,Africa/Abidjan,Abidjan
ABQ,KABQ,Albuquerque International Sunport,35.04,-106.6089,America/Denver,Albuquerque
ABV,DNAA,Nnamdi Azikiwe International Airport,9.0068,7.2632,Africa/Lagos,Abuja
ABZ,EGPD,Aberdeen International Airport,57.2019,-2.1978,Europe/London,Aberdeen
ACA,MMAA,General Juan N. Álvarez International Airport,16.7571,-99.7531,America/Mexico_City,Acapulco
ACC,DGAA,Kotoka International Airport,5.6052,-0.1668,Africa/Accra,Accra
ACE,GCRR,César Manrique-Lanzarote Airport,28.9455,-13.6052,Atlantic/Canary,San Bartolomé
ADB,LTBJ,Adnan Menderes International Airport,38.2924,27.157,Europe/Istanbul,Gaziemir
ADD,HAAB,Addis Ababa Bole International Airport,8.9779,38.7993,Africa/Addis_Ababa,Addis Ababa
ADE,OYAA,Aden International Airport,12.8296,45.03,Asia/Aden,Aden
ADJ,OJAM,Marka International (Amman Civil) Airport,31.9727,35.9916,Asia/Amman,Amman
ADL,YPAD,Adelaide International Airport,-34.9475,138.5334,Australia/Adelaide,Adelaide
ADZ,SKSP,Gustavo Rojas Pinilla International Airport,12.5836,-81.7112,America/Bogota,San Andrés
AEP,SABE,Aeroparque Jorge Newbery,-34.5594,-58.4155,America/Argentina/Buenos_Aires,Buenos Aires
AER,URSS,Sochi International Airport,43.4499,39.9566,Europe/Moscow,Sochi
AES,ENAL,Ålesund Airport,62.5604,6.1108,Europe/Oslo,Ålesund
AEY,BIAR,Akureyri International Airport,65.6566,-18.072,Atlantic/Reykjavik,Akureyri
AGA,GMAD,Al Massira Airport,30.3225,-9.412,Africa/Casablanca,Agadir (Temsia)
AGP,LEMG,Málaga-Costa del Sol Airport,36.6749,-4.4991,Europe/Madrid,Málaga
AGT,SGES,Guaraní International Airport,-25.4572,-54.8395,America/Asuncion,Ciudad del Este
AGU,MMAS,Aguascalientes International Airport,21.6996,-102.3184,America/Mexico_City,Aguascalientes
AHB,OEAB,Abha International Airport,18.2404,42.6566,Asia/Riyadh,Abha
AJF,OESK,Al-Jawf International Airport,29.7833,40.1009,Asia/Riyadh,Al-Jawf
AKL,NZAA,Auckland International Airport,-37.012,174.7863,Pacific/Auckland,Auckland
AKX,UATT,Aktobe International Airport,50.2481,57.2041,Asia/Almaty,Aktobe
ALA,UAAA,Almaty International Airport,43.3543,77.0428,Asia/Almaty,Almaty
ALB,KALB,Albany International Airport,42.7483,-73.8017,America/New_York,Albany
ALC,LEAL,Alicante-Elche Miguel Hernández Airport,38.2822,-0.5582,Europe/Madrid,Alicante
ALG,DAAG,Houari Boumediene Airport,36.6939,3.2145,Africa/Algiers,Algiers
ALP,OSAP,Aleppo International Airport,36.1813,37.2269,Asia/Damascus,Aleppo
AMD,VAAH,Sardar Vallabh Patel International Airport,23.0772,72.6347,Asia/Kolkata,Ahmedabad
AMM,OJAI,Queen Alia International Airport,31.7226,35.9932,Asia/Amman,Amman
AMQ,WAPP,Pattimura International Airport,-3.7103,128.089,Asia/Jayapura,Ambon
AMS,EHAM,Amsterdam Airport Schiphol,52.3086,4.7639,Europe/Amsterdam,Amsterdam
ANC,PANC,Ted Stevens Anchorage International Airport,61.179,-149.9926,America/Anchorage,Anchorage
ANF,SCFA,Andrés Sabella Gálvez International Airport,-23.4453,-70.4452,America/Santiago,Antofagasta
ANU,TAPA,V. C. Bird International Airport,17.1367,-61.7927,America/Antigua,Osbourn
AOE,LTBY,Hasan Polatkan Airport,39.8116,30.5193,Europe/Istanbul,Eskişehir
AOJ,RJSA,Aomori Airport,40.7338,140.6895,Asia/Tokyo,Aomori
APL,FQNP,Nampula Airport,-15.1056,39.2818,Africa/Maputo,Nampula
APW,NSFA,Faleolo International Airport,-13.83,-172.008,Pacific/Apia,Apia
AQI,OEPA,Qaisumah–Hafar Al-Batin International Airport,28.3357,46.1271,Asia/Riyadh,Qaisumah
AQJ,OJAQ,King Hussein International Airport,29.6116,35.0181,Asia/Amman,Aqaba
AQP,SPQU,Rodríguez Ballón International Airport,-16.3408,-71.5695,America/Lima,Arequipa
ARN,ESSA,Stockholm-Arlanda Airport,59.6485,17.9288,Europe/Stockholm,Stockholm
ASB,UTAA,Ashgabat International Airport,37.9868,58.361,Asia/Ashgabat,Ashgabat
ASF,URWA,Astrakhan Narimanovo Boris M. Kustodiev International Airport,46.2828,48.0105,Europe/Astrakhan,Astrakhan
ASR,LTAU,Kayseri Erkilet International Airport,38.7704,35.4954,Europe/Istanbul,Kayseri
ASU,SGAS,Silvio Pettirossi International Airport,-25.2402,-57.5192,America/Asuncion,Asunción
ASW,HESN,Aswan International Airport,23.9611,32.8204,Africa/Cairo,Aswan
ATH,LGAV,Athens Eleftherios Venizelos International Airport,37.9364,23.9445,Europe/Athens,Spata-Artemida
ATL,KATL,Hartsfield Jackson Atlanta International Airport,33.6367,-84.4281,America/New_York,Atlanta
ATQ,VIAR,Sri Guru Ram Das Ji International Airport,31.7096,74.7973,Asia/Kolkata,Amritsar
ATZ,HEAT,Asyut International Airport,27.046,31.0128,Africa/Cairo,Asyut
AUA,TNCA,Queen Beatrix International Airport,12.5011,-70.0143,America/Aruba,Oranjestad
AUH,OMAA,Zayed International Airport,24.441,54.6492,Asia/Dubai,Abu Dhabi
AUS,KAUS,Austin Bergstrom International Airport,30.1975,-97.662,America/Chicago,Austin
AVV,YMAV,Melbourne Avalon International Airport,-38.0403,144.4672,Australia/Melbourne,Geelong/Melbourne
AWA,HALA,Hawassa International Airport,7.1006,38.3965,Africa/Addis_Ababa,Hawassa
AWZ,OIAW,Qasem Soleimani International Airport,31.3364,48.7638,Asia/Tehran,Ahvaz
AYT,LTAI,Antalya International Airport,36.8987,30.8005,Europe/Istanbul,Antalya
BAH,OBBI,Bahrain International Airport,26.2673,50.6376,Asia/Bahrain,Manama
BAQ,SKBQ,Ernesto Cortissoz International Airport,10.8896,-74.7808,America/Bogota,Barranquilla
BAV,ZBOW,Baotou Donghe International Airport,40.56,109.997,Asia/Shanghai,Baotou
BAX,UNBB,Barnaul Gherman Titov International Airport,53.3613,83.5397,Asia/Barnaul,Barnaul
BBI,VEBS,Biju Patnaik International Airport,20.251,85.8147,Asia/Kolkata,Bhubaneswar
BBK,FBKE,Kasane International Airport,-17.8317,25.1662,Africa/Gaborone,Kasane
BBU,LRBS,Bucharest Băneasa Aurel Vlaicu International Airport,44.5031,26.1029,Europe/Bucharest,Bucharest
BCD,RPVB,Bacolod-Silay International Airport,10.7762,123.0189,Asia/Manila,Bacolod City
BCM,LRBC,Bacău George Enescu International  Airport,46.5219,26.9103,Europe/Bucharest,Bacău
BCN,LEBL,Josep Tarradellas Barcelona-El Prat Airport,41.2971,2.0785,Europe/Madrid,Barcelona
BCU,DNBC,Sir Abubakar Tafawa Balewa Bauchi State International Airport,10.4828,9.744,Africa/Lagos,Bauchi
BDA,TXKF,L.F. Wade International Airport,32.3638,-64.6782,Atlantic/Bermuda,Hamilton
BDJ,WAOO,Syamsudin Noor International Airport,-3.4401,114.7612,Asia/Makassar,Banjarbaru
BDL,KBDL,Bradley International Airport,41.9386,-72.688,America/New_York,Hartford
BDQ,VABO,Vadodara International Airport,22.3362,73.2263,Asia/Kolkata,Vadodara
BDS,LIBR,Brindisi Airport,40.6576,17.947,Europe/Rome,Brindisi
BEG,LYBE,Belgrade Nikola Tesla Airport,44.8184,20.3091,Europe/Belgrade,Belgrade
BEL,SBBE,Val de Cans/Júlio Cezar Ribeiro International Airport,-1.3793,-48.4762,America/Belem,Belém
BEM,GMMD,Beni Mellal Airport,32.4019,-6.3159,Africa/Casablanca,Oulad Yaich
BEN,HLLB,Benina International Airport,32.0968,20.2695,Africa/Tripoli,Benina
BER,EDDB,Berlin Brandenburg Airport,52.3617,13.5023,Europe/Berlin,Berlin
BES,LFRB,Brest Bretagne airport,48.4479,-4.4185,Europe/Paris,Brest
BEW,FQBR,Beira International Airport,-19.7964,34.9076,Africa/Maputo,Beira
BEY,OLBA,Beirut Rafic Hariri International Airport,33.8198,35.4874,Asia/Beirut,Beirut
BFN,FABL,Bram Fischer International Airport,-29.0927,26.3024,Africa/Johannesburg,Bloemfontein
BFS,EGAA,Belfast International Airport,54.6575,-6.2158,Europe/London,Belfast
BGF,FEFF,Bangui M'Poko International Airport,4.3985,18.5188,Africa/Bangui,Bangui
BGI,TBPB,Grantley Adams International Airport,13.0747,-59.491,America/Barbados,Bridgetown
BGO,ENBR,"Bergen Airport, Flesland",60.2934,5.2181,Europe/Oslo,Bergen
BGW,ORBI,Baghdad International Airport / New Al Muthana Air Base,33.2625,44.2346,Asia/Baghdad,Baghdad
BGY,LIME,Il Caravaggio International Airport,45.6694,9.7089,Europe/Rome,Orio al Serio (BG)
BHK,UZSB,Bukhara International Airport,39.7753,64.4823,Asia/Tashkent,Bukhara
BHM,KBHM,Birmingham-Shuttlesworth International Airport,33.5629,-86.7507,America/Chicago,Birmingham
BHO,VABP,Raja Bhoj International Airport,23.2875,77.3374,Asia/Kolkata,Bhopal
BHX,EGBB,Birmingham Airport,52.4539,-1.748,Europe/London,"Birmingham, West Midlands"
BIA,LFKB,Bastia-Poretta International airport,42.5527,9.4837,Europe/Paris,Bastia
BIO,LEBB,Bilbao Airport,43.3011,-2.9106,Europe/Madrid,Bilbao
BJA,DAAE,Soummam–Abane Ramdane Airport,36.7125,5.0699,Africa/Algiers,Béjaïa
BJL,GBYD,Banjul International Airport,13.338,-16.6522,Africa/Banjul,Banjul (Yundum)
BJM,HBBA,Bujumbura Melchior Ndadaye International Airport,-3.324,29.3185,Africa/Bujumbura,Bujumbura
BJV,LTFE,Milas Bodrum International Airport,37.2493,27.664,Europe/Istanbul,Bodrum
BJX,MMLO,Guanajuato International Airport,20.9927,-101.4803,America/Mexico_City,Silao
BKI,WBKK,Kota Kinabalu International Airport,5.9327,116.0493,Asia/Kuala_Lumpur,Kota Kinabalu
BKK,VTBS,Suvarnabhumi Airport,13.6811,100.747,Asia/Bangkok,Bangkok
BKO,GABS,Modibo Keita International Airport,12.5335,-7.9499,Africa/Bamako,Bamako
BLA,SVBC,General José Antonio Anzoategui International Airport,10.1111,-64.6922,America/Caracas,Barcelona
BLJ,DABT,Batna Mostefa Ben Boulaid Airport,35.7521,6.3086,Africa/Algiers,Batna
BLL,EKBI,Billund Airport,55.7403,9.157,Europe/Copenhagen,Billund
BLQ,LIPE,Bologna Guglielmo Marconi Airport,44.5354,11.2887,Europe/Rome,Bologna
BLR,VOBL,Kempegowda International Airport Bengaluru,13.1979,77.7063,Asia/Kolkata,Bengaluru
BLZ,FWCL,Chileka International Airport,-15.6772,34.9723,Africa/Blantyre,Blantyre
BME,YBRM,Broome International Airport,-17.9492,122.2283,Australia/Perth,Broome
BNA,KBNA,Nashville International Airport,36.1245,-86.6782,America/Chicago,Nashville
BND,OIKB,Bandar Abbas International Airport,27.2183,56.3778,Asia/Tehran,Bandar Abbas
BNE,YBBN,Brisbane International Airport,-27.3842,153.117,Australia/Brisbane,Brisbane
BNX,LQBK,Banja Luka International Airport,44.9414,17.2975,Europe/Sarajevo,Mahovljani
BOD,LFBD,Bordeaux–Mérignac Airport,44.8287,-0.7154,Europe/Paris,Bordeaux
BOG,SKBO,El Dorado International Airport,4.7016,-74.1469,America/Bogota,Bogota
BOI,KBOI,Boise Air Terminal/Gowen Field,43.5644,-116.223,America/Boise,Boise
BOJ,LBBG,Burgas Airport,42.5699,27.5152,Europe/Sofia,Burgas
BOM,VABB,Chhatrapati Shivaji Maharaj International Airport,19.0887,72.8679,Asia/Kolkata,Mumbai
BON,TNCB,Flamingo International Airport,12.131,-68.2685,America/Kralendijk,Kralendijk
BOO,ENBO,Bodø Airport,67.2692,14.3653,Europe/Oslo,Bodø
BOS,KBOS,Boston Logan International Airport,42.362,-71.0079,America/New_York,Boston
BOY,DFOO,Bobo Dioulasso Airport,11.1601,-4.331,Africa/Ouagadougou,Bobo Dioulasso
BPN,WALL,Sultan Aji Muhammad Sulaiman Sepinggan International Airport,-1.2683,116.8945,Asia/Makassar,Balikpapan
BPS,SBPS,Porto Seguro International Airport,-16.4384,-39.0806,America/Bahia,Porto Seguro
BQT,UMBB,Brest International Airport,52.1081,23.8968,Europe/Minsk,Brest
BRC,SAZS,Teniente Luis Candelaria International Airport,-41.1512,-71.1575,America/Argentina/Buenos_Aires,San Carlos de Bariloche
BRE,EDDW,Bremen Airport,53.0468,8.7893,Europe/Berlin,Bremen
BRI,LIBD,Bari Karol Wojtyła International Airport,41.1389,16.7606,Europe/Rome,Bari
BRM,SVBM,Jacinto Lara International Airport,10.0427,-69.3586,America/Caracas,Barquisimeto
BRS,EGGD,Bristol Airport,51.3823,-2.7165,Europe/London,Bristol
BRU,EBBR,Brussels Airport,50.9014,4.4844,Europe/Brussels,Zaventem
BSA,HCMF,Bender Qassim International Airport,11.2752,49.1392,Africa/Mogadishu,Bosaso
BSB,SBBR,Presidente Juscelino Kubitschek International Airport,-15.8692,-47.9208,America/Sao_Paulo,Brasília
BSG,FGBT,Bata International Airport,1.9055,9.8057,Africa/Malabo,Bata
BSK,DAUB,Biskra - Mohamed Khider Airport,34.7932,5.7389,Africa/Algiers,Biskra
BSL,LFSB,EuroAirport Basel–Mulhouse–Freiburg,47.6007,7.5211,Europe/Paris,Bâle / Mulhouse
BSR,ORMM,Basra International Airport,30.5491,47.6621,Asia/Baghdad,Basra
BSZ,UCFM,Manas International Airport,43.0613,74.4776,Asia/Bishkek,Bishkek
BTH,WIDD,Hang Nadim International Airport,1.121,104.119,Asia/Jakarta,Batam
BTJ,WITT,Sultan Iskandar Muda International Airport,5.5251,95.42,Asia/Jakarta,Banda Aceh
BTS,LZIB,M. R. Štefánik Airport,48.1702,17.2127,Europe/Bratislava,Bratislava
BUD,LHBP,Budapest Liszt Ferenc International Airport,47.4302,19.2624,Europe/Budapest,Budapest
BUF,KBUF,Buffalo Niagara International Airport,42.9405,-78.7322,America/New_York,Buffalo
BUQ,FVJN,Joshua Mqabuko Nkomo International Airport,-20.0163,28.6229,Africa/Harare,Bulawayo
BUR,KBUR,Hollywood Burbank/Bob Hope Airport,34.2028,-118.3581,America/Los_Angeles,Burbank
BUS,UGSB,Alexander Kartveli Batumi International Airport,41.6094,41.6003,Asia/Tbilisi,Batumi
BVA,LFOB,Beauvais-Tillé airport,49.4544,2.1128,Europe/Paris,Beauvais
BVB,SBBV,Atlas Brasil Cantanhede International Airport,2.8462,-60.6906,America/Boa_Vista,Boa Vista
BVC,GVBA,Aristides Pereira International Airport,16.1365,-22.8889,Atlantic/Cape_Verde,Rabil
BWA,VNBW,Gautam Buddha International Airport,27.5046,83.4104,Asia/Kathmandu,Siddharthanagar (Bhairahawa)
BWI,KBWI,Baltimore/Washington International Thurgood Marshall Airport,39.1754,-76.6683,America/New_York,Baltimore
BWN,WBSB,Brunei International Airport,4.9442,114.928,Asia/Brunei,Bandar Seri Begawan
BXY,UAOL,Baikonur Krayniy International Airport,45.622,63.2108,Asia/Almaty,Baikonur
BZE,MZBZ,Philip S. W. Goldson International Airport,17.54,-88.3036,America/Belize,Belize City
BZV,FCBB,Maya-Maya International Airport,-4.2517,15.253,Africa/Brazzaville,Brazzaville
CAG,LIEE,Cagliari Elmas Airport,39.2515,9.0543,Europe/Rome,Cagliari
CAI,HECA,Cairo International Airport,30.1115,31.3967,Africa/Cairo,Cairo
CAN,ZGGG,Guangzhou Baiyun International Airport,23.3924,113.299,Asia/Shanghai,Guangzhou (Huadu)
CAP,MTCH,Cap Haitien International Airport,19.7255,-72.2007,America/Port-au-Prince,Cap Haitien
CAY,SOCA,Cayenne – Félix Eboué Airport,4.82,-52.3613,America/Cayenne,Matoury
CBB,SLCB,Jorge Wilsterman International Airport,-17.4211,-66.1771,America/La_Paz,Cochabamba
CCJ,VOCL,Calicut International Airport,11.136,75.9552,Asia/Kolkata,Calicut
CCK,YPCC,Cocos (Keeling) Islands Airport,-12.1922,96.8341,Indian/Cocos,West Island
CCP,SCIE,Carriel Sur International Airport,-36.7724,-73.0628,America/Santiago,Concepcion
CCS,SVMI,Maiquetía Simón Bolívar International Airport,10.6022,-66.9912,America/Caracas,Maiquetía
CCU,VECC,Netaji Subhash Chandra Bose International Airport,22.654,88.4476,Asia/Kolkata,Kolkata
CDG,LFPG,Charles de Gaulle International Airport,49.009,2.5541,Europe/Paris,"Paris (Roissy-en-France, Val-d'Oise)"
CEB,RPVM,Mactan Cebu International Airport,10.3093,123.9797,Asia/Manila,Cebu City/Lapu-Lapu City
CEI,VTCT,Mae Fah Luang - Chiang Rai International Airport,19.9523,99.8829,Asia/Bangkok,Chiang Rai
CEK,USCC,Kurchatov Chelyabinsk International Airport,55.3031,61.5049,Asia/Yekaterinburg,Chelyabinsk
CFE,LFLC,Clermont-Ferrand Auvergne airport,45.7867,3.1692,Europe/Paris,Clermont-Ferrand
CFK,DAOI,Chlef Aboubakr Belkaid International Airport,36.2166,1.3411,Africa/Algiers,Chlef
CFU,LGKR,Corfu Ioannis Kapodistrias International Airport,39.6014,19.9122,Europe/Athens,Kerkyra (Corfu)
CGB,SBCY,Várzea Grande–Marechal Rondon International Airport,-15.6529,-56.1167,America/Cuiaba,Cuiabá
CGH,SBSP,Congonhas–Deputado Freitas Nobre Airport,-23.6277,-46.6546,America/Sao_Paulo,São Paulo
CGK,WIII,Soekarno-Hatta International Airport,-6.1256,106.656,Asia/Jakarta,Jakarta
CGN,EDDK,Cologne Bonn Airport,50.8659,7.1427,Europe/Berlin,Köln (Cologne)
CGO,ZHCC,Zhengzhou Xinzheng International Airport,34.5265,113.8492,Asia/Shanghai,Zhengzhou
CGP,VGEG,Shah Amanat International Airport,22.2496,91.8133,Asia/Dhaka,Chattogram (Chittagong)
CGQ,ZYCC,Changchun Longjia International Airport,43.9962,125.685,Asia/Shanghai,Changchun
CGY,RPMY,Laguindingan International Airport,8.6122,124.4565,Asia/Manila,Laguindingan
CHC,NZCH,Christchurch International Airport,-43.489,172.5321,Pacific/Auckland,Christchurch
CHQ,LGSA,Chania International Airport,35.5312,24.1507,Europe/Athens,Souda
CHS,KCHS,Charleston International Airport,32.8962,-80.0382,America/New_York,Charleston
CIA,LIRA,Ciampino–G. B. Pastine International Airport,41.7988,12.5953,Europe/Rome,Rome
CIT,UAII,Shymkent International Airport,42.365,69.4756,Asia/Almaty,Shymkent
CIX,SPHI,Capitán FAP José A. Quiñones González International Airport,-6.7892,-79.8283,America/Lima,Chiclayo
CJB,VOCB,Coimbatore International Airport,11.03,77.0434,Asia/Kolkata,Coimbatore
CJJ,RKTU,Cheongju International Airport/Cheongju Air Base (K-59/G-513),36.7156,127.5003,Asia/Seoul,Cheongju
CJS,MMCS,Abraham González International Airport,31.6367,-106.4285,America/Ciudad_Juarez,Ciudad Juárez
CJU,RKPC,Jeju International Airport,33.5121,126.4925,Asia/Seoul,Jeju City
CKG,ZUCK,Chongqing Jiangbei International Airport,29.7123,106.6519,Asia/Shanghai,Chongqing
CKY,GUCY,Ahmed Sékou Touré International Airport,9.5769,-13.612,Africa/Conakry,Conakry
CLE,KCLE,Cleveland Hopkins International Airport,41.4117,-81.8498,America/New_York,Cleveland
CLJ,LRCL,Avram Iancu Cluj International Airport,46.786,23.6857,Europe/Bucharest,Cluj-Napoca
CLO,SKCL,Alfonso Bonilla Aragon International Airport,3.5427,-76.3819,America/Bogota,Cali
CLT,KCLT,Charlotte Douglas International Airport,35.214,-80.9431,America/New_York,Charlotte
CMB,VCBI,Bandaranaike International Colombo Airport,7.1808,79.8841,Asia/Colombo,Colombo
CMH,KCMH,John Glenn Columbus International Airport,39.998,-82.8919,America/New_York,Columbus
CMN,GMMN,Mohammed V International Airport,33.3675,-7.59,Africa/Casablanca,Casablanca
CMW,MUCM,Ignacio Agramonte International Airport,21.4199,-77.848,America/Havana,Camaguey
CND,LRCK,Mihail Kogălniceanu International Airport,44.3622,28.4883,Europe/Bucharest,Constanța
CNF,SBCF,Tancredo Neves International Airport,-19.6357,-43.9669,America/Sao_Paulo,Belo Horizonte
CNN,VOKN,Kannur International Airport,11.9163,75.545,Asia/Kolkata,Kannur
CNS,YBCS,Cairns International Airport,-16.8789,145.7495,Australia/Brisbane,Cairns
CNX,VTCC,Chiang Mai International Airport,18.7668,98.9626,Asia/Bangkok,Chiang Mai
COK,VOCI,Cochin International Airport,10.151,76.4008,Asia/Kolkata,Kochi
COO,DBBB,Cotonou Cadjehoun International Airport,6.3572,2.3843,Africa/Porto-Novo,Cotonou
COR,SACO,Ingeniero Aeronáutico Ambrosio L.V. Taravella International Airport,-31.3123,-64.2083,America/Argentina/Buenos_Aires,Cordoba
COS,KCOS,City of Colorado Springs Municipal Airport,38.8058,-104.701,America/Denver,Colorado Springs
COV,LTDB,Çukurova International Airport,36.8915,35.0712,Europe/Istanbul,Tarsus
CPH,EKCH,Copenhagen Kastrup Airport,55.6179,12.656,Europe/Copenhagen,Copenhagen
CPT,FACT,Cape Town International Airport,-33.974,18.6043,Africa/Johannesburg,Cape Town
CRA,LRCV,Craiova International Airport,44.3181,23.8886,Europe/Bucharest,Craiova
CRD,SAVC,General Enrique Mosconi International Airport,-45.7869,-67.4634,America/Argentina/Buenos_Aires,Comodoro Rivadavia
CRK,RPLC,Clark International Airport / Clark Air Base,15.186,120.56,Asia/Manila,Mabalacat
CRL,EBCI,Brussels South Charleroi Airport,50.462,4.4596,Europe/Brussels,Charleroi
CRZ,UTAV,Türkmenabat International Airport,38.9307,63.564,Asia/Ashgabat,Türkmenabat
CSX,ZGHA,Changsha Huanghua International Airport,28.1892,113.22,Asia/Shanghai,Changsha (Changsha)
CTA,LICC,Catania-Fontanarossa Airport,37.4668,15.0664,Europe/Rome,Catania
CTG,SKCG,Rafael Nuñez International Airport,10.4424,-75.513,America/Bogota,Cartagena
CTS,RJCC,New Chitose Airport,42.7748,141.6904,Asia/Tokyo,Sapporo
CTU,ZUUU,Chengdu Shuangliu International Airport,30.5583,103.946,Asia/Shanghai,Chengdu (Shuangliu)
CUL,MMCL,Bachigualato Federal International Airport,24.765,-107.4752,America/Mazatlan,Culiacán
CUN,MMUN,Cancún International Airport,21.0408,-86.8735,America/Cancun,Cancún
CUR,TNCC,Hato International Airport,12.1889,-68.9598,America/Curacao,Willemstad
CUU,MMCU,General Roberto Fierro Villalobos International Airport,28.7026,-105.9638,America/Chihuahua,Chihuahua
CUZ,SPZO,Alejandro Velasco Astete International Airport,-13.5357,-71.9388,America/Lima,Cusco
CVG,KCVG,Cincinnati Northern Kentucky International Airport,39.0488,-84.6678,America/New_York,Cincinnati / Covington
CWB,SBCT,Curitiba-Afonso Pena International Airport,-25.5285,-49.1758,America/Sao_Paulo,Curitiba
CWL,EGFF,Cardiff International Airport,51.3967,-3.3433,Europe/London,Cardiff
CXI,PLCH,Cassidy International Airport,1.9863,-157.35,Pacific/Kiritimati,Kiritimati
CXR,VVCR,Cam Ranh International Airport / Cam Ranh Air Base,11.9982,109.219,Asia/Ho_Chi_Minh,Nha Trang/nha Trang aiurportCam Ranh
CZL,DABC,Mohamed Boudiaf International Airport,36.276,6.6204,Africa/Algiers,Constantine
CZM,MMCZ,Cozumel International Airport,20.5149,-86.9285,America/Cancun,Cozumel
DAC,VGHS,Hazrat Shahjalal International Airport,23.8433,90.3978,Asia/Dhaka,Dhaka
DAD,VVDN,Da Nang International Airport,16.0439,108.199,Asia/Ho_Chi_Minh,Da Nang
DAL,KDAL,Dallas Love Field,32.8448,-96.8477,America/Chicago,Dallas
DAM,OSDI,Damascus International Airport,33.4115,36.5156,Asia/Damascus,Damascus
DAR,HTDA,Julius Nyerere International Airport,-6.8735,39.2073,Africa/Dar_es_Salaam,Dar es Salaam
DAT,ZBDT,Datong Yungang International Airport,40.0614,113.4805,Asia/Shanghai,Datong
DBB,HEAL,El Alamein International Airport,30.9243,28.4616,Africa/Cairo,El Alamein
DBV,LDDU,Dubrovnik Ruđer Bošković Airport,42.5622,18.2655,Europe/Zagreb,Dubrovnik
DCA,KDCA,Ronald Reagan Washington National Airport,38.8521,-77.0377,America/New_York,Washington
DEB,LHDC,Debrecen International Airport,47.4895,21.6163,Europe/Budapest,Debrecen
DEL,VIDP,Indira Gandhi International Airport,28.5556,77.0952,Asia/Kolkata,New Delhi
DEN,KDEN,Denver International Airport,39.86,-104.6738,America/Denver,Denver
DFW,KDFW,Dallas Fort Worth International Airport,32.8968,-97.038,America/Chicago,Dallas-Fort Worth
DIA,OTBD,Doha International Airport,25.2594,51.5655,Asia/Qatar,Doha
DIL,WPDL,Presidente Nicolau Lobato International Airport,-8.5466,125.5245,Asia/Dili,Dili
DIR,HADR,Aba Tenna Dejazmach Yilma International Airport,9.6235,41.855,Africa/Addis_Ababa,Dire Dawa
DJE,DTTJ,Djerba Zarzis International Airport,33.8737,10.7773,Africa/Tunis,Mellita
DJG,DAAJ,Tiska Djanet Airport,24.2854,9.4637,Africa/Algiers,Djanet
DJJ,WAJJ,Dortheys Hiyo Eluay International Airport,-2.5796,140.5199,Asia/Jayapura,Sentani
DJT,KDJT,President Donald J. Trump International Airport,26.6832,-80.0956,America/New_York,West Palm Beach
DLA,FKKD,Douala International Airport,4.0061,9.7195,Africa/Douala,Douala
DLC,ZYTL,Dalian Zhoushuizi International Airport,38.9657,121.5385,Asia/Shanghai,Dalian (Ganjingzi)
DLM,LTBS,Dalaman International Airport,36.7131,28.7925,Europe/Istanbul,Dalaman
DMB,UADD,Taraz International Airport,42.8536,71.3036,Asia/Almaty,Taraz
DME,UUDD,Domodedovo International Airport,55.4088,37.9063,Europe/Moscow,Moscow
DMK,VTBD,Don Mueang International Airport,13.9126,100.607,Asia/Bangkok,Bangkok
DMM,OEDF,King Fahd International Airport,26.4691,49.7982,Asia/Riyadh,Ad Dammam
DNH,ZLDH,Dunhuang Mogao International Airport,40.162,94.8128,Asia/Shanghai,Dunhuang
DOH,OTHH,Hamad International Airport,25.2731,51.6081,Asia/Qatar,Doha
DPS,WADD,Denpasar I Gusti Ngurah Rai International Airport,-8.7484,115.1671,Asia/Makassar,"Kuta, Badung"
DQM,OODQ,Duqm International Airport,19.5019,57.6342,Asia/Muscat,Duqm
DRP,RPLK,Bicol International Airport,13.1119,123.6768,Asia/Manila,Legazpi
DRS,EDDC,Dresden Airport,51.1341,13.7678,Europe/Berlin,Dresden
DRW,YPDN,Darwin International Airport / RAAF Darwin,-12.415,130.8818,Australia/Darwin,Darwin
DSM,KDSM,Des Moines International Airport,41.534,-93.6567,America/Chicago,Des Moines
DSN,ZBDS,Ordos Ejin Horo International Airport,39.4935,109.8599,Asia/Shanghai,Ordos
DSS,GOBD,Blaise Diagne International Airport,14.6709,-17.0728,Africa/Dakar,Dakar
DSY,VDDS,Dara Sakor International Airport,10.9142,103.2267,Asia/Phnom_Penh,Ta Noun
DTM,EDLW,Dortmund Airport,51.5183,7.6122,Europe/Berlin,Dortmund
DTW,KDTW,Detroit Metropolitan Wayne County Airport,42.2138,-83.3538,America/Detroit,Detroit
DUB,EIDW,Dublin Airport,53.4287,-6.2621,Europe/Dublin,Dublin
DUR,FALE,King Shaka International Airport,-29.6144,31.1197,Africa/Johannesburg,Durban
DUS,EDDL,Düsseldorf Airport,51.2895,6.7668,Europe/Berlin,Düsseldorf
DVO,RPMD,Francisco Bangoy International Airport,7.1255,125.646,Asia/Manila,Davao
DWC,OMDW,Al Maktoum International Airport,24.8962,55.1624,Asia/Dubai,Dubai(Jebel Ali)
DXB,OMDB,Dubai International Airport,25.2498,55.371,Asia/Dubai,Dubai
DXN,VIND,Noida International Airport,28.1799,77.6118,Asia/Kolkata,Gautam Buddha Nagar
DYG,ZGDY,Zhangjiajie Hehua International Airport,29.1047,110.4428,Asia/Shanghai,Zhangjiajie (Yongding)
DYU,UTDD,Dushanbe International Airport,38.5437,68.823,Asia/Dushanbe,Dushanbe
DZA,FMCZ,Dzaoudzi Pamandzi International Airport,-12.8093,45.2818,Indian/Mayotte,Dzaoudzi
DZN,UAKD,Zhezkazgan National Airport,47.709,67.7381,Asia/Almaty,Zhezkazgan
EBB,HUEN,Entebbe International Airport,0.0424,32.4435,Africa/Kampala,Entebbe
EBL,ORER,Erbil International Airport,36.236,43.9466,Asia/Baghdad,Arbil
ECN,LCEN,Ercan International Airport,35.1531,33.5074,Asia/Nicosia,Tymbou (Kirklar)
EDI,EGPH,Edinburgh Airport,55.9501,-3.3723,Europe/London,"Ingliston, Edinburgh"
EDL,HKEL,Eldoret International Airport,0.4045,35.2389,Africa/Nairobi,Eldoret
EDO,LTFD,Balıkesir Koca Seyit Airport,39.5525,27.0102,Europe/Istanbul,Edremit
EHU,ZHEC,Ezhou Huahu International Airport,30.3412,115.0393,Asia/Shanghai,Ezhou
EIN,EHEH,Eindhoven Airport,51.4501,5.3745,Europe/Amsterdam,Eindhoven
EIS,TUPJ,Terrance B. Lettsome International Airport,18.4455,-64.5417,America/Tortola,Beef Island
ELP,KELP,El Paso International Airport,31.8099,-106.3756,America/Denver,El Paso
ELQ,OEGS,Prince Naif bin Abdulaziz International Airport,26.3028,43.7744,Asia/Riyadh,Qassim
ELS,FAEL,King Phalo Airport,-33.0356,27.8259,Africa/Johannesburg,East London
EMA,EGNX,East Midlands Airport,52.8311,-1.3281,Europe/London,"Nottingham, Leicestershire"
ENO,SGEN,Teniente Ramon A. Ayub Gonzalez International Airport,-27.2275,-55.8376,America/Asuncion,Encarnación
ENU,DNEN,Akanu Ibiam International Airport,6.4737,7.5605,Africa/Lagos,Enegu
ERF,EDDE,Erfurt-Weimar Airport,50.9783,10.9607,Europe/Berlin,Erfurt
ESB,LTAC,Esenboğa International Airport,40.1281,32.9951,Europe/Istanbul,Ankara
ESM,SETN,Carlos Concha Torres International Airport,0.9785,-79.6266,America/Guayaquil,Tachina
ETM,LLER,Ramon International Airport,29.727,35.0141,Asia/Jerusalem,Eilat
EUN,GMML,Laayoune Hassan I International Airport,27.1425,-13.2249,Africa/El_Aaiun,El Aaiún
EVE,ENEV,Harstad/Narvik Airport,68.4913,16.6781,Europe/Oslo,Evenes
EVN,UDYZ,Zvartnots International Airport,40.1489,44.3979,Asia/Yerevan,Yerevan
EWR,KEWR,Newark Liberty International Airport,40.6894,-74.1705,America/New_York,Newark
EZE,SAEZ,Ezeiza International Airport - Ministro Pistarini,-34.8222,-58.5358,America/Argentina/Buenos_Aires,Buenos Aires (Ezeiza)
FAE,EKVG,Vágar Airport,62.0633,-7.2758,Atlantic/Faroe,Vágar
FAO,LPFR,Faro - Gago Coutinho International Airport,37.0159,-7.9709,Europe/Lisbon,Faro
FAT,KFAT,Fresno Yosemite International Airport,36.7758,-119.718,America/Los_Angeles,Fresno
FBM,FZQA,Lubumbashi International Airport,-11.5915,27.5308,Africa/Lubumbashi,Lubumbashi
FCO,LIRF,Rome–Fiumicino Leonardo da Vinci International Airport,41.8045,12.252,Europe/Rome,Rome
FDF,TFFF,Martinique Aimé Césaire International Airport,14.591,-61.0032,America/Martinique,Fort-de-France
FDH,EDNY,Bodensee Airport Friedrichshafen,47.6713,9.5115,Europe/Berlin,Friedrichshafen
FEZ,GMFF,Fes Saïss International Airport,33.9273,-4.978,Africa/Casablanca,Saïss
FIH,FZAA,Ndjili International Airport,-4.3857,15.4446,Africa/Kinshasa,Kinshasa
FJR,OMFJ,Fujairah International Airport,25.1084,56.3281,Asia/Dubai,Fujairah
FKB,EDSB,Karlsruhe Baden-Baden Airport,48.7794,8.0805,Europe/Berlin,Rheinmünster
FKI,FZIC,Bangoka International Airport,0.4816,25.338,Africa/Lubumbashi,Kisangani
FLL,KFLL,Fort Lauderdale Hollywood International Airport,26.0726,-80.1527,America/New_York,Fort Lauderdale
FLN,SBFL,Hercílio Luz International Airport,-27.6703,-48.5525,America/Sao_Paulo,Florianópolis
FLR,LIRQ,"Florence Airport, Peretola",43.8086,11.2028,Europe/Rome,Firenze (FI)
FMM,EDJA,Memmingen Allgau Airport,47.9881,10.2382,Europe/Berlin,Memmingen
FMO,EDDG,Münster Osnabrück Airport,52.1338,7.6885,Europe/Berlin,Greven
FNA,GFLL,Lungi International Airport,8.6164,-13.1955,Africa/Freetown,Freetown (Lungi-Town)
FNC,LPMA,Cristiano Ronaldo International Airport,32.6978,-16.7746,Atlantic/Madeira,Funchal
FNJ,ZKPY,Pyongyang Sunan International Airport,39.2241,125.67,Asia/Pyongyang,Pyongyang
FOC,ZSFZ,Fuzhou Changle International Airport,25.9293,119.6725,Asia/Shanghai,Fuzhou (Changle)
FOR,SBFZ,Pinto Martins International Airport,-3.7758,-38.5322,America/Fortaleza,Fortaleza
FPO,MYGF,Grand Bahama International Airport,26.558,-78.6956,America/Nassau,Freeport
FRA,EDDF,Frankfurt Main Airport,50.0267,8.5584,Europe/Berlin,Frankfurt am Main
FRW,FBPM,Phillip Gaonwe Matante International Airport,-21.1592,27.4688,Africa/Gaborone,Francistown
FSC,LFKF,Figari Sud-Corse Airport,41.5018,9.0971,Europe/Paris,Figari
FSZ,RJNS,Mount Fuji Shizuoka Airport,34.795,138.191,Asia/Tokyo,Makinohara / Shimada
FUE,GCFV,Fuerteventura Airport,28.4527,-13.8638,Atlantic/Canary,El Matorral
FUK,RJFF,Fukuoka Airport,33.5859,130.451,Asia/Tokyo,Fukuoka
GAN,VRMG,Gan International Airport,-0.693,73.1526,Indian/Maldives,Gan
GAU,VEGT,Lokpriya Gopinath Bordoloi International Airport,26.1067,91.5852,Asia/Kolkata,Guwahati
GBE,FBSK,Sir Seretse Khama International Airport,-24.5552,25.9182,Africa/Gaborone,Gaborone
GCM,MWCR,Owen Roberts International Airport,19.2928,-81.3577,America/Cayman,George Town
GDL,MMGL,Guadalajara International Airport,20.5233,-103.3101,America/Mexico_City,Guadalajara
GDN,EPGD,Gdańsk Lech Wałęsa Airport,54.3776,18.4662,Europe/Warsaw,Gdańsk
GEG,KGEG,Spokane International Airport,47.6199,-117.534,America/Los_Angeles,Spokane
GEO,SYCJ,Cheddi Jagan International Airport,6.4985,-58.2541,America/Guyana,Georgetown
GES,RPMR,General Santos International Airport,6.0572,125.0962,Asia/Manila,General Santos
GHV,LRBV,Brașov-Ghimbav International Airport,45.7056,25.5229,Europe/Bucharest,Brașov (Ghimbav)
GIB,LXGB,Gibraltar Airport,36.1517,-5.3498,Europe/Gibraltar,Gibraltar
GIG,SBGL,Rio de Janeiro Galeão – Tom Jobim International Airport,-22.81,-43.2506,America/Sao_Paulo,Rio De Janeiro
GJL,DAAV,Jijel Ferhat Abbas Airport,36.7941,5.8737,Africa/Algiers,Tahir
GLA,EGPF,Glasgow Airport,55.8719,-4.4331,Europe/London,Glasgow
GMP,RKSS,Seoul Gimpo International Airport,37.5583,126.791,Asia/Seoul,Seoul
GND,TGPY,Maurice Bishop International Airport,12.004,-61.7853,America/Grenada,Saint George's
GNJ,UBBG,Ganja International Airport,40.7387,46.3204,Asia/Baku,Ganja
GNY,LTCS,Şanlıurfa GAP Airport,37.4457,38.8956,Europe/Istanbul,Şanlıurfa
GOA,LIMJ,Genoa Cristoforo Colombo Airport,44.412,8.8407,Europe/Rome,Genova (GE)
GOH,BGGH,Nuuk International Airport,64.1911,-51.6791,America/Nuuk,Nuuk
GOI,VOGO,Goa Dabolim International Airport,15.3801,73.8333,Asia/Kolkata,Vasco da Gama
GOJ,UWGG,Nizhny Novgorod / Strigino International Airport,56.2274,43.7852,Europe/Moscow,Nizhny Novgorod
GOM,FZNA,Goma International Airport,-1.6668,29.238,Africa/Lubumbashi,Goma
GOT,ESGG,Göteborg Landvetter Airport,57.6628,12.2798,Europe/Stockholm,Göteborg
GOU,FKKR,Garoua International Airport,9.3348,13.3721,Africa/Douala,Garoua
GOX,VOGA,Manohar International Airport,15.7443,73.8606,Asia/Kolkata,Mopa
GRJ,FAGG,George Airport,-34.0056,22.3789,Africa/Johannesburg,George
GRO,LEGE,Girona-Costa Brava Airport,41.9046,2.7618,Europe/Madrid,Girona
GRQ,EHGG,Groningen Airport Eelde,53.1191,6.5777,Europe/Amsterdam,Groningen
GRR,KGRR,Gerald R. Ford International Airport,42.8808,-85.5228,America/Detroit,Grand Rapids
GRU,SBGR,São Paulo/Guarulhos–Governor André Franco Montoro International Airport,-23.4313,-46.47,America/Sao_Paulo,São Paulo
GRV,URMG,Akhmat Kadyrov Grozny International Airport,43.3881,45.6998,Europe/Moscow,Grozny
GRZ,LOWG,Graz Airport,46.9911,15.4396,Europe/Vienna,Feldkirchen bei Graz
GSM,OIKQ,Qeshm International Airport,26.7546,55.9024,Asia/Tehran,Qeshm(Dayrestan)
GSO,KGSO,Piedmont Triad International Airport,36.0994,-79.9373,America/New_York,Greensboro
GSV,UWSG,Gagarin International Airport,51.7128,46.1711,Europe/Saratov,Saratov
GUA,MGGT,La Aurora International Airport,14.5829,-90.5275,America/Guatemala,Guatemala City
GUM,PGUM,Antonio B. Won Pat International Airport,13.485,144.7973,Pacific/Guam,Hagåtña
GUW,UATG,Atyrau International Airport,47.1213,51.8203,Asia/Almaty,Atyrau
GVA,LSGG,Geneva International Airport,46.2381,6.109,Europe/Zurich,Geneva
GWD,OPGW,New Gwadar International Airport,25.2967,62.4988,Asia/Karachi,Gurandani
GXF,OYSY,Seiyun Hadhramaut International Airport,15.9659,48.7881,Asia/Aden,Seiyun
GYD,UBBB,Heydar Aliyev International Airport,40.4728,50.0509,Asia/Baku,Baku
GYE,SEGU,José Joaquín de Olmedo International Airport,-2.1574,-79.8836,America/Guayaquil,Guayaquil
GYN,SBGO,Santa Genoveva International Airport,-16.632,-49.2207,America/Sao_Paulo,Goiânia
GZT,LTAJ,Gaziantep Oğuzeli International Airport,36.9472,37.4787,Europe/Istanbul,Gaziantep
HAH,FMCH,Prince Said Ibrahim International Airport,-11.5337,43.2719,Indian/Comoro,Moroni
HAJ,EDDV,Hannover Airport,52.4611,9.6851,Europe/Berlin,Hannover
HAK,ZJHK,Haikou Meilan International Airport,19.9349,110.459,Asia/Shanghai,Haikou (Meilan)
HAM,EDDH,Hamburg Helmut Schmidt Airport,53.6304,9.9882,Europe/Berlin,Hamburg
HAN,VVNB,Noi Bai International Airport,21.2212,105.807,Asia/Ho_Chi_Minh,Hanoi (Soc Son)
HAQ,VRMH,Hanimaadhoo International Airport,6.7432,73.1671,Indian/Maldives,Haa Dhaalu Atoll
HAS,OEHL,Hail International Airport,27.4379,41.6863,Asia/Riyadh,Hail
HAV,MUHA,José Martí International Airport,22.9892,-82.4091,America/Havana,Havana
HBA,YMHB,Hobart International Airport,-42.837,147.513,Australia/Hobart,Hobart (Cambridge)
HBE,HEAX,Alexandria International Airport,30.9325,29.6964,Africa/Cairo,Alexandria
HDY,VTSS,Hat Yai International Airport,6.9332,100.393,Asia/Bangkok,Hat Yai
HEA,OAHR,Herat - Khwaja Abdullah Ansari International Airport,34.21,62.2283,Asia/Kabul,Guzara
HEL,EFHK,Helsinki Vantaa Airport,60.3184,24.9633,Europe/Helsinki,Helsinki (Vantaa)
HER,LGIR,Heraklion International Nikos Kazantzakis Airport,35.3397,25.1803,Europe/Athens,Heraklion
HET,ZBHH,Hohhot Baita International Airport,40.8497,111.8246,Asia/Shanghai,Hohhot
HFE,ZSOF,Hefei Xinqiao International Airport,31.9878,116.9769,Asia/Shanghai,Hefei
HGA,HCMH,Egal International Airport,9.5141,44.0835,Africa/Mogadishu,Hargeisa
HGH,ZSHC,Hangzhou Xiaoshan International Airport,30.2361,120.4289,Asia/Shanghai,Hangzhou
HHN,EDFH,Frankfurt-Hahn Airport,49.9464,7.2617,Europe/Berlin,Frankfurt am Main (Lautzenhausen)
HIA,ZSSH,Huai'an Lianshui Airport,33.7927,119.1267,Asia/Shanghai,Huai'an
HIJ,RJOA,Hiroshima Airport,34.4361,132.919,Asia/Tokyo,Hiroshima
HIR,AGGH,Honiara International Airport,-9.428,160.055,Pacific/Guadalcanal,Honiara
HKD,RJCH,Hakodate Airport,41.77,140.822,Asia/Tokyo,Hakodate
HKG,VHHH,Hong Kong International Airport,22.3118,113.9149,Asia/Hong_Kong,Hong Kong
HKT,VTSP,Phuket International Airport,8.1133,98.3174,Asia/Bangkok,Phuket
HLA,FALA,Lanseria International Airport,-25.939,27.9266,Africa/Johannesburg,Johannesburg
HLD,ZBLA,Hulunbuir Hailar Airport,49.2086,119.8223,Asia/Shanghai,Hailar
HLP,WIHH,Halim Perdanakusuma International Airport,-6.267,106.8903,Asia/Jakarta,Jakarta
HMB,HESG,Suhaj International Airport,26.3425,31.743,Africa/Cairo,Suhaj
HMO,MMHO,General Ignacio L. Pesqueira International Airport,29.0928,-111.053,America/Hermosillo,Hermosillo
HND,RJTT,Tokyo Haneda International Airport,35.5497,139.787,Asia/Tokyo,Tokyo
HNL,PHNL,Daniel K. Inouye International Airport,21.3184,-157.9257,Pacific/Honolulu,"Honolulu, Oahu"
HOF,OEAH,Al-Ahsa International Airport,25.2853,49.4852,Asia/Riyadh,Hofuf
HOG,MUHG,Frank Pais International Airport,20.7851,-76.3155,America/Havana,Holguin
HOU,KHOU,William P. Hobby Airport,29.6453,-95.2768,America/Chicago,Houston
HPH,VVCI,Cat Bi International Airport,20.8174,106.7243,Asia/Ho_Chi_Minh,Haiphong (Hai An)
HRB,ZYHB,Harbin Taiping International Airport,45.6234,126.25,Asia/Shanghai,Harbin
HRE,FVRG,Robert Gabriel Mugabe International Airport,-17.9318,31.0928,Africa/Harare,Harare
HRG,HEGN,Hurghada International Airport,27.1768,33.7967,Africa/Cairo,Hurghada
HSA,UAIT,Hazrat Sultan International Airport,43.3111,68.5504,Asia/Almaty,Turkıstan
HSG,RJFS,Kyushu Saga International Airport,33.1497,130.302,Asia/Tokyo,Saga
HSN,ZSZS,Zhoushan Putuoshan International Airport,29.9339,122.3623,Asia/Shanghai,Zhoushan
HSR,VAHS,Rajkot International Airport,22.3788,71.0394,Asia/Kolkata,Rajkot
HSS,VIHR,Maharaja Agrasen International Airport,29.1861,75.7414,Asia/Kolkata,Hisar
HTA,UIAA,Chita-Kadala International Airport,52.0248,113.3058,Asia/Chita,Chita
HUI,VVPB,Phu Bai International Airport,16.4006,107.7041,Asia/Ho_Chi_Minh,Huế
HUN,RCYU,Hualien Chiashan Airport,24.0232,121.618,Asia/Taipei,Hualien City
HUX,MMBT,Bahías de Huatulco International Airport,15.7754,-96.2605,America/Mexico_City,Huatulco
HWR,VIHX,Halwara International Airport,30.7485,75.6298,Asia/Kolkata,Halwara
HYD,VOHS,Rajiv Gandhi International Airport,17.2313,78.4299,Asia/Kolkata,Hyderabad
IAD,KIAD,Washington Dulles International Airport,38.9445,-77.4558,America/New_York,Dulles
IAH,KIAH,George Bush Intercontinental Airport,29.9844,-95.3414,America/Chicago,Houston
IAR,UUDL,Golden Ring Yaroslavl International Airport,57.5607,40.1574,Europe/Moscow,Tunoshna
IAS,LRIA,Iaşi International Airport,47.1796,27.6214,Europe/Bucharest,Iaşi
IBR,RJAH,Ibaraki Airport,36.1815,140.4144,Asia/Tokyo,Omitama
IBZ,LEIB,Ibiza Airport,38.8729,1.3731,Europe/Madrid,Ibiza (Eivissa)
ICN,RKSI,Incheon International Airport,37.4691,126.451,Asia/Seoul,Seoul
IDR,VAID,Devi Ahilya Bai Holkar International Airport,22.7214,75.8005,Asia/Kolkata,Indore
IFN,OIFM,Isfahan Shahid Beheshti International Airport,32.7551,51.8839,Asia/Tehran,Isfahan
IGU,SBFI,Cataratas International Airport,-25.5942,-54.4894,America/Sao_Paulo,Foz do Iguaçu
IKA,OIIE,Imam Khomeini International Airport,35.4161,51.1522,Asia/Tehran,Tehran
IKT,UIII,Irkutsk International Airport,52.2667,104.3956,Asia/Irkutsk,Irkutsk
IKU,UCFL,Issyk-Kul International Airport,42.5856,76.7012,Asia/Bishkek,Tamchy
ILO,RPVI,Iloilo International Airport,10.833,122.4934,Asia/Manila,Cabatuan
ILR,DNIL,General Tunde Idiagbon International Airport,8.4402,4.4939,Africa/Lagos,Ilorin/Ogbomosho
IMF,VEIM,Bir Tikendrajit International Airport,24.76,93.8967,Asia/Kolkata,Imphal
INC,ZLIC,Yinchuan Hedong International Airport,38.3228,106.3932,Asia/Shanghai,Yinchuan
IND,KIND,Indianapolis International Airport,39.7173,-86.2944,America/Indiana/Indianapolis,Indianapolis
INI,LYNI,Niš Constantine the Great Airport,43.3365,21.8562,Europe/Belgrade,Niš
INN,LOWI,Innsbruck Airport,47.2602,11.344,Europe/Vienna,Innsbruck
IOM,EGNS,Isle of Man Airport,54.0831,-4.6239,Europe/Isle_of_Man,"Castletown, Rushen"
IPC,SCIP,Mataveri International Airport,-27.1654,-109.421,America/Santiago,Isla De Pascua
IPH,WMKI,Sultan Azlan Shah Airport,4.5673,101.0916,Asia/Kuala_Lumpur,Ipoh
IQQ,SCDA,Diego Aracena International Airport,-20.5363,-70.1814,America/Santiago,Iquique
IQT,SPQT,Coronel FAP Francisco Secada Vignetta International Airport,-3.7847,-73.3088,America/Lima,Iquitos
ISB,OPIS,Islamabad International Airport,33.549,72.8257,Asia/Karachi,Attock
ISK,VAOZ,Nashik International Airport,20.1191,73.9129,Asia/Kolkata,Nashik
IST,LTFM,İstanbul Airport,41.2749,28.7321,Europe/Istanbul,Istanbul
ITM,RJOO,Osaka Itami International Airport,34.7809,135.4408,Asia/Tokyo,Osaka
IVL,EFIV,Ivalo Airport,68.6073,27.4053,Europe/Helsinki,Ivalo
IXB,VEBD,Bagdogra Airport,26.6812,88.3286,Asia/Kolkata,Siliguri
IXC,VICG,Shaheed Bhagat Singh International Airport,30.6735,76.7885,Asia/Kolkata,Chandigarh
IXE,VOML,Mangaluru International Airport,12.9547,74.8868,Asia/Kolkata,Mangaluru
IXZ,VOPB,Veer Savarkar International Airport / INS Utkrosh,11.6402,92.729,Asia/Kolkata,Port Blair
JAF,VCCJ,Jaffna International Airport,9.7923,80.0701,Asia/Colombo,Jaffna
JAI,VIJP,Jaipur International Airport,26.8242,75.8122,Asia/Kolkata,Jaipur
JAX,KJAX,Jacksonville International Airport,30.4925,-81.6878,America/New_York,Jacksonville
JCL,LKCS,České Budějovice South Bohemian Airport,48.9482,14.4283,Europe/Prague,České Budějovice
JED,OEJN,King Abdulaziz International Airport,21.6802,39.1574,Asia/Riyadh,Jeddah
JFK,KJFK,John F. Kennedy International Airport,40.6394,-73.7793,America/New_York,New York
JGN,ZLJQ,Jiayuguan International Airport,39.8591,98.3393,Asia/Shanghai,Jiayuguan
JHB,WMKJ,Senai International Airport,1.6413,103.67,Asia/Kuala_Lumpur,Johor Bahru
JHG,ZPJH,Xishuangbanna Gasa International Airport,21.9746,100.7622,Asia/Shanghai,Jinghong (Gasa)
JIB,HDAM,Djibouti-Ambouli Airport,11.5473,43.1595,Africa/Djibouti,Djibouti City
JIJ,HAJJ,Gerad Wilwal International Airport,9.3319,42.9118,Africa/Addis_Ababa,Jijiga
JJN,ZSQZ,Quanzhou Jinjiang International Airport,24.7959,118.5886,Asia/Shanghai,Quanzhou
JNB,FAOR,O.R. Tambo International Airport,-26.1401,28.2468,Africa/Johannesburg,Johannesburg
JPA,SBJP,Presidente Castro Pinto International Airport,-7.1487,-34.9506,America/Fortaleza,João Pessoa
JRO,HTKJ,Kilimanjaro International Airport,-3.427,37.0735,Africa/Dar_es_Salaam,Arusha
JTR,LGSR,Santorini International Airport,36.4,25.4786,Europe/Athens,Santorini Island
JUB,HJJJ,Juba International Airport,4.872,31.6011,Africa/Juba,Juba
JUJ,SASJ,Gobernador Horacio Guzman International Airport,-24.3928,-65.0978,America/Argentina/Buenos_Aires,San Salvador de Jujuy
JUL,SPJL,Inca Manco Capac International Airport,-15.4677,-70.1565,America/Lima,Juliaca
KAD,DNKA,Kaduna International Airport,10.696,7.3201,Africa/Lagos,Kaduna
KAN,DNKN,Mallam Aminu Kano International Airport,12.0456,8.5236,Africa/Lagos,Kano
KBL,OAKB,Kabul International Airport,34.5659,69.2123,Asia/Kabul,Kabul
KBV,VTSG,Krabi International Airport,8.0956,98.989,Asia/Bangkok,Krabi
KCH,WBGG,Kuching International Airport,1.4874,110.3529,Asia/Kuala_Lumpur,Kuching
KCZ,RJOK,Kochi Ryoma Airport,33.5452,133.6702,Asia/Tokyo,Nankoku
KDH,OAKN,Ahmad Shah Baba International Airport,31.5058,65.848,Asia/Kabul,Kandahar
KDU,OPSD,Skardu International Airport,35.3387,75.5386,Asia/Karachi,Skardu
KEF,BIKF,Keflavik International Airport,63.985,-22.6056,Atlantic/Reykjavik,Reykjavík
KEJ,UNEE,Alexei Leonov Kemerovo International Airport,55.2701,86.1072,Asia/Novokuznetsk,Kemerovo
KER,OIKK,Ayatollah Hashemi Rafsanjani International Airport,30.2713,56.9497,Asia/Tehran,Kerman
KGD,UMKK,Khrabrovo Airport,54.8916,20.5986,Europe/Kaliningrad,Kaliningrad
KGF,UAKK,Sary-Arka Airport,49.6708,73.3344,Asia/Almaty,Karaganda
KGL,HRYR,Kigali International Airport,-1.9686,30.1395,Africa/Kigali,Kigali
KGS,LGKO,"Kos International Airport ""Ippokratis""",36.7945,27.0911,Europe/Athens,Kos Island
KHG,ZWSH,Kashgar Laining International Airport,39.5423,76.0202,Asia/Shanghai,Kashgar
KHH,RCKH,Kaohsiung International Airport,22.5771,120.35,Asia/Taipei,Kaohsiung (Xiaogang)
KHI,OPKC,Jinnah International Airport,24.9065,67.1608,Asia/Karachi,Karachi
KHN,ZSCN,Nanchang Changbei International Airport,28.8648,115.9027,Asia/Shanghai,Nanchang
KIH,OIBK,Kish International Airport,26.5254,53.9805,Asia/Tehran,Kish Island
KIJ,RJSN,Niigata Airport,37.9542,139.1122,Asia/Tokyo,Niigata
KIK,ORKK,Kirkuk International Airport,35.4695,44.3489,Asia/Baghdad,Kirkuk
KIM,FAKM,Kimberley Airport,-28.8054,24.7649,Africa/Johannesburg,Kimberley
KIN,MKJP,Norman Manley International Airport,17.9357,-76.7875,America/Jamaica,Kingston
KIS,HKKI,Kisumu International Airport,-0.0861,34.7289,Africa/Nairobi,Kisumu
KIX,RJBB,Kansai International Airport,34.4273,135.244,Asia/Tokyo,Osaka
KJA,UNKL,Krasnoyarsk International Airport,56.1757,92.4858,Asia/Krasnoyarsk,Krasnoyarsk
KKJ,RJFR,Kitakyushu Airport,33.8459,131.035,Asia/Tokyo,Kitakyushu
KLO,RPVK,Kalibo International Airport,11.6794,122.376,Asia/Manila,Kalibo
KLU,LOWK,Klagenfurt Airport,46.6425,14.3377,Europe/Vienna,Klagenfurt am Wörthersee
KLV,LKKV,Karlovy Vary Airport,50.203,12.915,Europe/Prague,Karlovy Vary
KMG,ZPPP,Kunming Changshui International Airport,25.1103,102.9367,Asia/Shanghai,Kunming
KMI,RJFM,Miyazaki Airport,31.8772,131.449,Asia/Tokyo,Miyazaki
KMJ,RJFT,Kumamoto Airport,32.8373,130.855,Asia/Tokyo,Kumamoto
KMQ,RJNK,Komatsu Airport / JASDF Komatsu Air Base,36.3934,136.4069,Asia/Tokyo,Kanazawa
KMS,DGSI,Prempeh I International Airport,6.7146,-1.5908,Africa/Accra,Kumasi
KNO,WIMM,Kualanamu International Airport,3.6378,98.8706,Asia/Jakarta,Beringin
KOA,PHKO,Ellison Onizuka Kona International Airport at Keāhole,19.7388,-156.0456,Pacific/Honolulu,Kailua-Kona
KOJ,RJFK,Kagoshima Airport,31.8034,130.719,Asia/Tokyo,Kagoshima
KOS,VDSV,Sihanouk International Airport,10.5706,103.6321,Asia/Phnom_Penh,Preah Sihanouk
KOV,UACK,Kokshetau International Airport,53.3291,69.5946,Asia/Almaty,Kokshetau
KQT,UTDT,Bokhtar International Airport,37.8663,68.8645,Asia/Dushanbe,Bokhtar
KRK,EPKK,Kraków John Paul II International Airport,50.0777,19.7848,Europe/Warsaw,Balice
KRN,ESNQ,Kiruna Airport,67.822,20.3368,Europe/Stockholm,Kiruna
KRR,URKK,Krasnodar Pashkovsky International Airport,45.0345,39.1742,Europe/Moscow,Krasnodar
KRS,ENCN,Kristiansand Airport,58.2042,8.0854,Europe/Oslo,Kristiansand(Kjevik)
KRT,HSSK,Khartoum International Airport,15.5895,32.5532,Africa/Khartoum,Khartoum
KSA,PTSA,Kosrae International Airport,5.357,162.958,Pacific/Kosrae,Okat
KSF,EDVK,Kassel Airport,51.4184,9.3916,Europe/Berlin,Calden
KSN,UAUU,Kostanay International Airport,53.2069,63.5503,Asia/Almaty,Kostanay
KTI,VDTI,Techo International Airport,11.36,104.9213,Asia/Phnom_Penh,Phnom Penh (Boeng Khyang)
KTM,VNKT,Tribhuvan International Airport,27.6966,85.3591,Asia/Kathmandu,Kathmandu
KTT,EFKT,Kittilä International Airport,67.701,24.8468,Europe/Helsinki,Kittilä
KTW,EPKT,Katowice Wojciech Korfanty International Airport,50.476,19.0807,Europe/Warsaw,Katowice
KUF,UWWW,Kurumoch International Airport,53.5049,50.1643,Europe/Samara,Samara
KUL,WMKK,Kuala Lumpur International Airport,2.7456,101.71,Asia/Kuala_Lumpur,Sepang
KUN,EYKA,Kaunas International Airport,54.964,24.0858,Europe/Vilnius,Kaunas
KUO,EFKU,Kuopio Airport,63.0071,27.7978,Europe/Helsinki,Kuopio / Siilinjärvi
KUT,UGKO,David the Builder Kutaisi International Airport,42.1774,42.4854,Asia/Tbilisi,Kopitnari
KVA,LGKV,Kavala Alexander the Great International Airport,40.9133,24.6192,Europe/Athens,Kavala
KWE,ZUGY,Guiyang Longdongbao International Airport,26.5418,106.804,Asia/Shanghai,Guiyang (Nanming)
KWI,OKKK,Kuwait International Airport,29.2245,47.9698,Asia/Kuwait,Kuwait City
KWL,ZGKL,Guilin Liangjiang International Airport,25.2198,110.0396,Asia/Shanghai,Guilin (Lingui)
KYA,LTAN,Konya Airport,37.979,32.5619,Europe/Istanbul,Konya
KZN,UWKD,Kazan International Airport,55.6062,49.2787,Europe/Moscow,Kazan
KZO,UAOO,Korkyt Ata International Airport,44.7069,65.5925,Asia/Almaty,Kyzylorda
LAD,FNLU,Quatro de Fevereiro International Airport,-8.8584,13.2312,Africa/Luanda,Luanda
LAE,AYNZ,Nadzab Tomodachi International Airport,-6.568,146.7265,Pacific/Port_Moresby,Lae
LAO,RPLI,Laoag International Airport,18.1751,120.531,Asia/Manila,Laoag City
LAQ,HLLQ,Al Abraq International Airport,32.789,21.9549,Africa/Tripoli,Al Albraq
LAS,KLAS,Harry Reid International Airport,36.0834,-115.1518,America/Los_Angeles,Las Vegas
LAX,KLAX,Los Angeles International Airport,33.9425,-118.408,America/Los_Angeles,Los Angeles
LBA,EGNM,Leeds Bradford Airport,53.8659,-1.6606,Europe/London,"Leeds, West Yorkshire"
LBD,UTDL,Khujand International Airport,40.2154,69.6947,Asia/Dushanbe,Khujand
LBV,FOOL,Libreville Leon M'ba International Airport,0.459,9.4121,Africa/Libreville,Libreville
LCA,LCLK,Larnaca International Airport,34.8751,33.6249,Asia/Nicosia,Larnaca
LCJ,EPLL,Łódź Władysław Reymont Airport,51.7219,19.3981,Europe/Warsaw,Łódź
LED,ULLI,Pulkovo Airport,59.8003,30.2625,Europe/Moscow,St. Petersburg
LEJ,EDDP,Leipzig/Halle Airport,51.4207,12.2327,Europe/Berlin,Schkeuditz
LFW,DXXX,Lomé–Tokoin International Airport,6.1656,1.2545,Africa/Lome,Lomé
LGA,KLGA,LaGuardia Airport,40.7772,-73.8726,America/New_York,New York
LGB,KLGB,Long Beach International Airport,33.8165,-118.1499,America/Los_Angeles,Long Beach
LGK,WMKL,Langkawi International Airport,6.3297,99.7287,Asia/Kuala_Lumpur,Langkawi
LGW,EGKK,London Gatwick Airport,51.1487,-0.1857,Europe/London,London
LHE,OPLA,Allama Iqbal International Airport,31.5216,74.4036,Asia/Karachi,Lahore
LHR,EGLL,London Heathrow Airport,51.4707,-0.4599,Europe/London,London
LHW,ZLLL,Lanzhou Zhongchuan International Airport,36.5152,103.62,Asia/Shanghai,Lanzhou (Yongdeng)
LIH,PHLI,Lihue Airport,21.9744,-159.3371,Pacific/Honolulu,"Lihue, Kauai"
LIL,LFQQ,Lille Airport,50.5666,3.1024,Europe/Paris,Lesquin
LIM,SPJC,Jorge Chávez International Airport,-12.0219,-77.1143,America/Lima,Lima
LIN,LIML,Milano Linate Airport,45.4451,9.2767,Europe/Rome,Segrate (MI)
LIR,MRLB,Daniel Oduber Quirós International Airport,10.5933,-85.5444,America/Costa_Rica,Liberia
LIS,LPPT,Lisbon Humberto Delgado Airport,38.7813,-9.1359,Europe/Lisbon,Lisbon
LJG,ZPLJ,Lijiang Sanyi International Airport,26.6775,100.2449,Asia/Shanghai,Lijiang
LJU,LJLJ,Ljubljana Jože Pučnik Airport,46.2237,14.4576,Europe/Ljubljana,Zgornji Brnik
LKO,VILK,Chaudhary Charan Singh International Airport,26.7606,80.8893,Asia/Kolkata,Lucknow
LLA,ESPA,Luleå Airport,65.5438,22.122,Europe/Stockholm,Luleå
LLW,FWKI,Kamuzu International Airport,-13.7894,33.781,Africa/Blantyre,Lumbadzi
LNZ,LOWL,Linz-Hörsching Airport,48.2354,14.1881,Europe/Vienna,Linz
LOP,WADL,Lombok International Airport,-8.76,116.2782,Asia/Makassar,"Mataram (Pujut, Lombok Tengah)"
LOS,DNMM,Murtala Muhammed International Airport,6.5774,3.3212,Africa/Lagos,Lagos
LPA,GCLP,Gran Canaria Airport,27.9319,-15.3866,Atlantic/Canary,Gran Canaria Island
LPB,SLLP,El Alto International Airport,-16.5103,-68.1894,America/La_Paz,La Paz / El Alto
LPI,ESSL,Linköping City Airport,58.4049,15.6845,Europe/Stockholm,Linköping
LPL,EGGP,Liverpool John Lennon Airport,53.3349,-2.8496,Europe/London,Liverpool
LPP,EFLP,Lappeenranta Airport,61.0446,28.1447,Europe/Helsinki,Lappeenranta
LPQ,VLLB,Luang Phabang International Airport,19.9043,102.1672,Asia/Vientiane,Luang Phabang
LRM,MDLR,Casa De Campo International Airport,18.4522,-68.9111,America/Santo_Domingo,La Romana
LTN,EGGW,London Luton Airport,51.8747,-0.3683,Europe/London,"Luton, Luton"
LTO,MMLT,Loreto International Airport,25.9895,-111.3484,America/Mazatlan,Loreto
LUN,FLKK,Kenneth Kaunda International Airport,-15.3308,28.4527,Africa/Lusaka,Lusaka
LUX,ELLX,Luxembourg-Findel International Airport,49.6268,6.2121,Europe/Luxembourg,Luxembourg
LUZ,EPLB,Lublin Airport,51.2402,22.7135,Europe/Warsaw,Lublin
LVI,FLHN,Harry Mwanga Nkumbula International Airport,-17.8215,25.8196,Africa/Lusaka,Livingstone
LWN,UDSG,Shirak International Airport,40.7504,43.8593,Asia/Yerevan,Gyumri
LXA,ZULS,Lhasa Gonggar International Airport,29.298,90.912,Asia/Shanghai,Shannan (Gonggar)
LXR,HELX,Luxor International Airport,25.671,32.7064,Africa/Cairo,Luxor
LYA,ZHLY,Luoyang Beijiao Airport,34.7411,112.388,Asia/Shanghai,Luoyang (Laocheng)
LYG,ZSLG,Lianyungang Huaguoshan International Airport,34.4141,119.179,Asia/Shanghai,Lianyungang
LYP,OPFA,Faisalabad International Airport,31.3649,72.9953,Asia/Karachi,Faisalabad
LYS,LFLL,Lyon Saint-Exupéry Airport,45.726,5.0901,Europe/Paris,"Colombier-Saugnieu, Rhône"
MAA,VOMM,Chennai International Airport,12.99,80.1693,Asia/Kolkata,Chennai
MAD,LEMD,Adolfo Suárez Madrid–Barajas Airport,40.4934,-3.5722,Europe/Madrid,Madrid
MAH,LEMH,Menorca Airport,39.8626,4.2187,Europe/Madrid,Mahón (Maó)
MAJ,PKMJ,Marshall Islands International Airport,7.0651,171.2717,Pacific/Majuro,Majuro Atoll
MAN,EGCC,Manchester Airport,53.3494,-2.2795,Europe/London,"Manchester, Greater Manchester"
MAO,SBEG,Eduardo Gomes International Airport,-3.0386,-60.0497,America/Manaus,Manaus
MAR,SVMC,La Chinita International Airport,10.5575,-71.7293,America/Caracas,Maracaibo
MBA,HKMO,Moi International Airport,-4.0348,39.5942,Africa/Nairobi,Mombasa
MBJ,MKJS,Sangster International Airport,18.5034,-77.9132,America/Jamaica,Montego Bay
MCI,KMCI,Kansas City International Airport,39.3017,-94.7139,America/Chicago,Kansas City
MCO,KMCO,Orlando International Airport,28.4294,-81.309,America/New_York,Orlando
MCT,OOMS,Muscat International Airport,23.6002,58.2853,Asia/Muscat,Muscat/Seeb
MCX,URML,Makhachkala Uytash International Airport,42.8168,47.6523,Europe/Moscow,Makhachkala
MCY,YBSU,Sunshine Coast Airport,-26.5933,153.0832,Australia/Brisbane,Maroochydore
MCZ,SBMO,Zumbi dos Palmares International Airport,-9.5126,-35.7918,America/Maceio,Maceió
MDC,WAMM,Sam Ratulangi International Airport,1.5486,124.9262,Asia/Makassar,Manado
MDE,SKRG,Jose Maria Córdova International Airport,6.1645,-75.4231,America/Bogota,Medellín
MDL,VYMD,Mandalay International Airport,21.7022,95.9779,Asia/Yangon,Mandalay
MDW,KMDW,Chicago Midway International Airport,41.786,-87.7524,America/Chicago,Chicago
MDZ,SAME,Governor Francisco Gabrielli International Airport,-32.8317,-68.7929,America/Argentina/Buenos_Aires,Mendoza
MED,OEMA,Prince Mohammad Bin Abdulaziz Airport,24.5534,39.7051,Asia/Riyadh,Medina
MEL,YMML,Melbourne Airport,-37.6707,144.8379,Australia/Melbourne,Melbourne
MEM,KMEM,Frederick W. Smith International Airport,35.0438,-89.9763,America/Chicago,Memphis
MEX,MMMX,Mexico City Benito Juárez International Airport,19.4358,-99.0703,America/Mexico_City,Mexico City
MFM,VMMC,Macau International Airport,22.1496,113.592,Asia/Macau,Nossa Senhora do Carmo
MFU,FLMF,Mfuwe International Airport,-13.2589,31.9366,Africa/Lusaka,Mfuwe
MGA,MNMG,Augusto C. Sandino (Managua) International Airport,12.1415,-86.1682,America/Managua,Managua
MGQ,HCMM,Aden Adde International Airport,2.0144,45.3047,Africa/Mogadishu,Mogadishu
MHD,OIMM,Mashhad International Airport,36.2348,59.6429,Asia/Tehran,Mashhad
MIA,KMIA,Miami International Airport,25.796,-80.2898,America/New_York,Miami
MID,MMMD,Manuel Crescencio Rejón International Airport,20.9305,-89.6455,America/Mexico_City,Mérida
MIU,DNMA,Maiduguri International Airport,11.8542,13.0807,Africa/Lagos,Maiduguri
MJI,HLLM,Mitiga International Airport,32.8918,13.2879,Africa/Tripoli,Tripoli
MJN,FMNM,Amborovy Airport,-15.6668,46.3512,Indian/Antananarivo,Mahajanga
MKE,KMKE,General Mitchell International Airport,42.9472,-87.8966,America/Chicago,Milwaukee
MLA,LMML,Malta International Airport,35.8459,14.4915,Europe/Malta,Valletta
MLE,VRMM,Velana International Airport,4.1918,73.5291,Indian/Maldives,Malé
MLM,MMMM,General Francisco J. Mujica International Airport,19.8499,-101.025,America/Mexico_City,Morelia
MMK,ULMM,Emperor Nicholas II Murmansk Airport,68.7817,32.7508,Europe/Moscow,Murmansk
MMX,ESMS,Malmö Sturup Airport,55.5356,13.3763,Europe/Stockholm,Malmö
MNI,TRPG,John A. Osborne Airport,16.7918,-62.1932,America/Montserrat,Gerald's Park
MNL,RPLL,Ninoy Aquino International Airport,14.5086,121.02,Asia/Manila,Manila (Pasay)
MPL,LFMT,Montpellier-Méditerranée Airport,43.5762,3.963,Europe/Paris,Montpellier/Méditerranée
MPM,FQMA,Maputo Airport,-25.9208,32.5726,Africa/Maputo,Maputo
MQF,USCM,Magnitogorsk International Airport,53.392,58.7552,Asia/Yekaterinburg,Magnitogorsk
MQP,FAKN,Kruger Mpumalanga International Airport,-25.3833,31.1053,Africa/Johannesburg,Mbombela
MRS,LFML,Marseille Provence Airport,43.4381,5.2125,Europe/Paris,"Marignane, Bouches-du-Rhône"
MRU,FIMP,Sir Seewoosagur Ramgoolam International Airport,-20.4302,57.6836,Indian/Mauritius,Plaine Magnien
MRV,URMM,Mineralnye Vody Airport,44.2251,43.0819,Europe/Moscow,Mineralnyye Vody
MSP,KMSP,Minneapolis–Saint Paul International Airport / Wold–Chamberlain Field,44.8801,-93.2217,America/Chicago,Minneapolis
MSQ,UMMS,Minsk National Airport,53.8881,28.04,Europe/Minsk,Minsk
MST,EHBK,Maastricht Aachen Airport,50.9111,5.7694,Europe/Amsterdam,Maastricht
MSU,FXMM,Moshoeshoe I International Airport,-29.4563,27.5545,Africa/Maseru,Maseru(Mazenod)
MSY,KMSY,Louis Armstrong New Orleans International Airport,29.9934,-90.2647,America/Chicago,New Orleans
MTY,MMMY,Monterrey International Airport,25.7785,-100.107,America/Mexico_City,Monterrey
MUB,FBMN,Maun International Airport,-19.9705,23.4314,Africa/Gaborone,Maun
MUC,EDDM,Munich Airport,48.3538,11.7861,Europe/Berlin,Munich
MUH,HEMM,Mersa Matruh International Airport,31.3243,27.2223,Africa/Cairo,Marsa Matruh
MUX,OPMT,Multan International Airport,30.2032,71.4191,Asia/Karachi,Multan
MVD,SUMU,Carrasco General Cesáreo L. Berisso International Airport,-34.8356,-56.0265,America/Montevideo,Ciudad de la Costa
MWX,RKJB,Muan International Airport,34.9914,126.3828,Asia/Seoul,Muan (Piseo-ri)
MWZ,HTMW,Mwanza International Airport,-2.4466,32.936,Africa/Dar_es_Salaam,Mwanza
MXP,LIMC,Milan Malpensa International Airport,45.6306,8.7281,Europe/Rome,Ferno (VA)
MYJ,RJOM,Matsuyama Airport,33.8269,132.7001,Asia/Tokyo,Matsuyama
MYR,KMYR,Myrtle Beach International Airport,33.6797,-78.9283,America/New_York,Myrtle Beach
MZG,RCQC,Penghu Magong Airport,23.5687,119.628,Asia/Taipei,Huxi
MZR,OAMS,Mazar-i-Sharif International Airport,36.7041,67.2105,Asia/Kabul,Mazar-i-Sharif
MZT,MMMZ,General Rafael Buelna International Airport,23.1628,-106.2645,America/Mazatlan,Mazatlàn
NAG,VANP,Dr. Babasaheb Ambedkar International Airport,21.0922,79.0472,Asia/Kolkata,Nagpur
NAJ,UBBN,Nakhchivan International Airport,39.1888,45.4584,Asia/Baku,Nakhchivan
NAN,NFFN,Nadi International Airport,-17.7618,177.4378,Pacific/Fiji,Nadi
NAP,LIRN,Naples International Airport,40.886,14.2908,Europe/Rome,Napoli
NAS,MYNN,Lynden Pindling International Airport,25.039,-77.4662,America/Nassau,Nassau
NAT,SBSG,Rio Grande do Norte/São Gonçalo do Amarante–Governador Aluízio Alves International Airport,-5.7698,-35.3666,America/Fortaleza,Natal
NAV,LTAZ,Nevşehir Kapadokya Airport,38.7719,34.5345,Europe/Istanbul,Nevşehir
NBJ,FNBJ,Dr. Antonio Agostinho Neto International Airport,-9.0507,13.4991,Africa/Luanda,Luanda (Ícolo e Bengo)
NBO,HKJK,Jomo Kenyatta International Airport,-1.3189,36.9282,Africa/Nairobi,Nairobi
NCE,LFMN,Nice-Côte d'Azur Airport,43.6584,7.2159,Europe/Paris,"Nice, Alpes-Maritimes"
NCL,EGNT,Newcastle International Airport,55.038,-1.6896,Europe/London,"Newcastle upon Tyne, Tyne and Wear"
NCU,UZNN,Nukus International Airport,42.4884,59.6233,Asia/Tashkent,Nukus
NDB,GQPP,Nouadhibou International Airport,20.9324,-17.0302,Africa/Nouakchott,Nouadhibou
NDG,ZYQQ,Qiqihar Sanjiazi Airport,47.23,123.9142,Asia/Shanghai,Qiqihar
NDJ,FTTJ,N'Djamena International Airport,12.1337,15.034,Africa/Ndjamena,N'Djamena
NDR,GMMW,Nador Al Aaroui International Airport,34.9888,-3.0282,Africa/Casablanca,Al Aaroui
NGB,ZSNB,Ningbo Lishe International Airport,29.8267,121.462,Asia/Shanghai,Ningbo
NGO,RJGG,Chubu Centrair International Airport,34.8584,136.805,Asia/Tokyo,Tokoname
NGS,RJFU,Nagasaki Airport,32.9169,129.914,Asia/Tokyo,Nagasaki
NIM,DRRN,Diori Hamani International Airport,13.4815,2.1836,Africa/Niamey,Niamey
NJC,USNN,Nizhnevartovsk Airport,60.9493,76.4836,Asia/Yekaterinburg,Nizhnevartovsk
NJF,ORNI,Al Najaf International Airport,31.9911,44.405,Asia/Baghdad,Najaf
NKC,GQNO,Nouakchott–Oumtounsy International Airport,18.31,-15.9697,Africa/Nouakchott,Nouakchott
NKG,ZSNJ,Nanjing Lukou International Airport,31.735,118.8659,Asia/Shanghai,Nanjing
NLA,FLSK,Simon Mwansa Kapwepwe International Airport,-12.9651,28.5156,Africa/Lusaka,Ndola
NLU,MMSM,Felipe Ángeles International Airport,19.7438,-99.0151,America/Mexico_City,Mexico City
NMA,UZFN,Namangan International Airport,40.9846,71.5578,Asia/Tashkent,Namangan
NMI,VANM,Navi Mumbai International Airport,18.9846,73.0653,Asia/Kolkata,Navi Mumbai
NNG,ZGNN,Nanning Wuxu International Airport,22.5981,108.1819,Asia/Shanghai,Nanning (Jiangnan)
NOC,EIKN,Ireland West Airport Knock,53.9104,-8.817,Europe/Dublin,Charlestown
NOS,FMNN,Nosy Be International Airport,-13.3121,48.3148,Indian/Antananarivo,Nosy Be
NOU,NWWW,La Tontouta International Airport,-22.0146,166.213,Pacific/Noumea,Nouméa (La Tontouta)
NQN,SAZN,Presidente Perón International Airport,-38.949,-68.1557,America/Argentina/Buenos_Aires,Neuquén
NQZ,UACC,Nursultan Nazarbayev International Airport,51.027,71.4671,Asia/Almaty,Astana
NRN,EDLV,Weeze (Niederrhein) Airport,51.6014,6.1412,Europe/Berlin,Weeze
NRT,RJAA,Narita International Airport,35.7686,140.3887,Asia/Tokyo,Narita
NSI,FKYS,Yaoundé Nsimalen International Airport,3.7226,11.5533,Africa/Douala,Yaoundé
NSK,UOOO,Alykel International Airport,69.308,87.3259,Asia/Krasnoyarsk,Norilsk
NTE,LFRS,Nantes Atlantique Airport,47.1532,-1.6107,Europe/Paris,Nantes
NTL,YWLM,Newcastle Airport,-32.7961,151.835,Australia/Sydney,Williamtown
NUE,EDDN,Nuremberg Airport,49.4987,11.0781,Europe/Berlin,Nuremberg
NUM,OENN,Neom Bay Airport,27.9243,35.2936,Asia/Riyadh,Sharma
NVT,SBNF,Ministro Victor Konder International Airport,-26.8794,-48.651,America/Sao_Paulo,Navegantes
NYO,ESKN,Stockholm Skavsta Airport,58.7897,16.9115,Europe/Stockholm,Nyköping
NYT,VYNT,Nay Pyi Taw International Airport,19.6235,96.201,Asia/Yangon,Naypyitaw
OAK,KOAK,Oakland San Francisco Bay Airport,37.7201,-122.2212,America/Los_Angeles,Oakland
OAX,MMOX,Xoxocotlán International Airport,16.9988,-96.7261,America/Mexico_City,Oaxaca
OCS,FGCO,Corisco International Airport,0.9109,9.3303,Africa/Malabo,Corisco Island
ODE,EKOD,Odense Hans Christian Andersen Airport,55.4753,10.3272,Europe/Copenhagen,Odense
OEC,WPOC,Oecusse Route of the Sandalwood International Airport,-9.1984,124.3379,Asia/Dili,Oecussi-Ambeno
OGG,PHOG,Kahului International Airport,20.8963,-156.4318,Pacific/Honolulu,Kahului
OHD,LWOH,Ohrid St. Paul the Apostle Airport,41.18,20.7423,Europe/Skopje,Ohrid
OHS,OOSH,Suhar International Airport,24.386,56.6254,Asia/Muscat,Suhar
OKA,ROAH,Naha International Airport,26.1924,127.6398,Asia/Tokyo,Naha
OKC,KOKC,OKC Will Rogers World Airport,35.3934,-97.5982,America/Chicago,Oklahoma City
OKJ,RJOB,Okayama Momotaro Airport,34.7569,133.855,Asia/Tokyo,Okayama
OLB,LIEO,Olbia Costa Smeralda Airport,40.899,9.5185,Europe/Rome,Olbia (SS)
OMA,KOMA,Eppley Airfield,41.3032,-95.8941,America/Chicago,Omaha
OMO,LQMO,Mostar International Airport,43.2825,17.8461,Europe/Sarajevo,Mostar
OMR,LROD,Oradea International Airport,47.0253,21.9025,Europe/Bucharest,Oradea
OMS,UNOO,Omsk Central Airport,54.9631,73.3124,Asia/Omsk,Omsk
ONT,KONT,Ontario International Airport,34.056,-117.601,America/Los_Angeles,Ontario
OOL,YBCG,Gold Coast Airport,-28.166,153.5066,Australia/Brisbane,Gold Coast
OPO,LPPR,Francisco de Sá Carneiro Airport,41.2481,-8.6814,Europe/Lisbon,Porto
ORD,KORD,Chicago O'Hare International Airport,41.9786,-87.9048,America/Chicago,Chicago
ORF,KORF,Norfolk International Airport,36.8953,-76.201,America/New_York,Norfolk
ORK,EICK,Cork International Airport,51.8413,-8.4911,Europe/Dublin,Cork
ORN,DAOO,Oran Es-Sénia (Ahmed Ben Bella) International Airport,35.6206,-0.6225,Africa/Algiers,Es-Sénia
ORU,SLOR,Juan Mendoza International Airport,-17.9562,-67.0758,America/La_Paz,Oruro
ORY,LFPO,Paris-Orly Airport,48.7295,2.359,Europe/Paris,"Paris (Orly, Val-de-Marne)"
OSL,ENGM,Oslo-Gardermoen International Airport,60.1939,11.1004,Europe/Oslo,Oslo (Gardermoen)
OSR,LKMT,Leoš Janáček Airport Ostrava,49.6963,18.1111,Europe/Prague,Mošnov
OSS,UCFO,Osh International Airport,40.609,72.7933,Asia/Bishkek,Osh
OST,EBOS,Ostend-Bruges International Airport,51.1998,2.8747,Europe/Brussels,Oostende
OTP,LROP,Bucharest Henri Coandă International Airport,44.5718,26.1033,Europe/Bucharest,Otopeni
OUA,DFFD,Ouagadougou Thomas Sankara International Airport,12.3532,-1.5124,Africa/Ouagadougou,Ouagadougou
OUD,GMFO,Oujda Angads Airport,34.7896,-1.926,Africa/Casablanca,Ahl Angad
OUL,EFOU,Oulu Airport,64.9301,25.3546,Europe/Helsinki,Oulu / Oulunsalo
OVB,UNNT,Novosibirsk Tolmachevo Airport,55.0198,82.6187,Asia/Novosibirsk,Novosibirsk
OVD,LEAS,Asturias Airport,43.5636,-6.0346,Europe/Madrid,Ranón
OXB,GGOV,Osvaldo Vieira International Airport,11.8943,-15.6536,Africa/Bissau,Bissau
OZG,GMAZ,Zagora Airport,30.2658,-5.8608,Africa/Casablanca,Zagora
OZZ,GMMZ,Ouarzazate International Airport,30.9391,-6.9094,Africa/Casablanca,Ouarzazate
PAD,EDLP,Paderborn Lippstadt Airport,51.6125,8.6175,Europe/Berlin,Büren
PAP,MTPP,Toussaint Louverture International Airport,18.58,-72.2926,America/Port-au-Prince,Port-au-Prince
PBC,MMPB,Hermanos Serdán International Airport,19.1585,-98.3716,America/Mexico_City,Puebla
PBH,VQPR,Paro International Airport,27.4032,89.4246,Asia/Thimphu,Paro
PBM,SMJP,Johan Adolf Pengel International Airport,5.4528,-55.1878,America/Paramaribo,Paramaribo
PCL,SPCL,Cap FAP David Abenzur Rengifo International Airport,-8.3781,-74.5745,America/Lima,Pucallpa
PDG,WIEE,Minangkabau International Airport,-0.786,100.2804,Asia/Jakarta,Padang (Katapiang)
PDL,LPPD,João Paulo II Airport,37.7412,-25.6979,Atlantic/Azores,Ponta Delgada
PDV,LBPD,Plovdiv International Airport,42.0678,24.8508,Europe/Sofia,Plovdiv
PDX,KPDX,Portland International Airport,45.5887,-122.598,America/Los_Angeles,Portland
PED,LKPD,Pardubice Airport,50.015,15.7398,Europe/Prague,Pardubice
PEE,USPP,Perm International Airport,57.9145,56.0212,Asia/Yekaterinburg,Perm
PEG,LIRZ,Perugia San Francesco d'Assisi – Umbria International Airport,43.0959,12.5132,Europe/Rome,Perugia (PG)
PEK,ZBAA,Beijing Capital International Airport,40.0773,116.5967,Asia/Shanghai,Beijing
PEN,WMKP,Penang International Airport,5.2963,100.2762,Asia/Kuala_Lumpur,Penang
PER,YPPH,Perth International Airport,-31.9403,115.967,Australia/Perth,Perth
PEV,LHPP,Pécs-Pogány International Airport,45.9889,18.242,Europe/Budapest,Pécs
PEW,OPPS,Bacha Khan International Airport,33.9939,71.5146,Asia/Karachi,Peshawar
PFO,LCPH,Paphos International Airport,34.718,32.4857,Asia/Nicosia,Paphos
PHC,DNPO,Port Harcourt International Airport,5.0155,6.9496,Africa/Lagos,Port Harcourt
PHE,YPPD,Port Hedland International Airport,-20.3828,118.6298,Australia/Perth,Port Hedland
PHH,VNPR,Pokhara International Airport,28.1838,84.0147,Asia/Kathmandu,Pokhara
PHL,KPHL,Philadelphia International Airport,39.8719,-75.2411,America/New_York,Philadelphia
PHX,KPHX,Phoenix Sky Harbor International Airport,33.4353,-112.0059,America/Phoenix,Phoenix
PIE,KPIE,St. Petersburg Clearwater International Airport,27.9102,-82.6874,America/New_York,Pinellas Park
PIK,EGPK,Glasgow Prestwick Airport,55.5015,-4.5772,Europe/London,"Prestwick, South Ayrshire"
PIT,KPIT,Pittsburgh International Airport,40.4915,-80.2329,America/New_York,Pittsburgh
PKC,UHPP,Yelizovo Airport,53.1687,158.4511,Asia/Kamchatka,Petropavlovsk-Kamchatsky
PKX,ZBAD,Beijing Daxing International Airport,39.5013,116.414,Asia/Shanghai,Beijing
PKZ,VLPS,Pakse International Airport,15.134,105.7799,Asia/Vientiane,Pakse
PLQ,EYPA,Palanga International Airport,55.9732,21.0939,Europe/Vilnius,Palanga
PLS,MBPV,Providenciales International Airport,21.7737,-72.2683,America/Grand_Turk,Providenciales
PLX,UASS,Semei International Airport,50.3513,80.2344,Asia/Almaty,Semey
PLZ,FAPE,Chief Dawid Stuurman International Airport,-33.9897,25.6174,Africa/Johannesburg,Gqeberha (Port Elizabeth)
PMC,SCTE,El Tepual International Airport,-41.4431,-73.0941,America/Santiago,Puerto Montt
PMI,LEPA,Palma de Mallorca Airport,39.5517,2.7388,Europe/Madrid,Palma de Mallorca
PMO,LICJ,Falcone–Borsellino Airport,38.176,13.091,Europe/Rome,Palermo
PMV,SVMG,Del Caribe Santiago Mariño International Airport,10.9126,-63.9666,America/Caracas,Isla Margarita
PNK,WIOO,Supadio International Airport,-0.1523,109.4045,Asia/Jakarta,Pontianak
PNQ,VAPO,Pune International Airport,18.5821,73.9197,Asia/Kolkata,Pune
PNR,FCPP,Antonio Agostinho-Neto International Airport,-4.816,11.8866,Africa/Brazzaville,Pointe Noire
PNS,KPNS,Pensacola International Airport,30.4727,-87.1866,America/Chicago,Pensacola
POA,SBPA,Porto Alegre-Salgado Filho International Airport,-29.994,-51.1675,America/Sao_Paulo,Porto Alegre
POG,FOOG,Port Gentil International Airport,-0.7117,8.7544,Africa/Libreville,Port Gentil
POM,AYPY,Port Moresby Jacksons International Airport,-9.4434,147.22,Pacific/Port_Moresby,Port Moresby
POS,TTPP,Piarco International Airport,10.5953,-61.3376,America/Port_of_Spain,Port of Spain
POZ,EPPO,Poznań-Ławica Airport,52.4216,16.8234,Europe/Warsaw,Poznań
PPG,NSTU,Pago Pago International Airport,-14.331,-170.71,Pacific/Pago_Pago,Pago Pago
PPK,UACP,Petropavl International Airport,54.7756,69.1874,Asia/Almaty,Petropavl
PPS,RPVP,Puerto Princesa International Airport / PAF Antonio Bautista Air Base,9.742,118.7591,Asia/Manila,Puerto Princesa
PPT,NTAA,Fa'a'ā International Airport,-17.5535,-149.6069,Pacific/Tahiti,Papeete
PQC,VVPQ,Phú Quốc International Airport,10.1698,103.9935,Asia/Ho_Chi_Minh,Phu Quoc Island
PRG,LKPR,Václav Havel Airport Prague,50.1009,14.2599,Europe/Prague,Prague
PRN,BKPR,Priština Adem Jashari International Airport,42.5728,21.0358,Europe/Belgrade,Prishtina
PSA,LIRP,Pisa International Airport,43.6839,10.3927,Europe/Rome,Pisa (PI)
PSD,HEPS,Port Said International Airport,31.2793,32.2406,Africa/Cairo,Port Said
PSP,KPSP,Palm Springs International Airport,33.8297,-116.507,America/Los_Angeles,Palm Springs
PSR,LIBP,Abruzzo Airport,42.4311,14.183,Europe/Rome,Pescara
PTG,FAPP,Polokwane International Airport,-23.8453,29.4586,Africa/Johannesburg,Polokwane
PTP,TFFR,Maryse Condé International Airport,16.2654,-61.5328,America/Guadeloupe,Pointe-à-Pitre
PTY,MPTO,Tocumen International Airport,9.0714,-79.3835,America/Panama,Tocumen
PUJ,MDPC,Punta Cana International Airport,18.5671,-68.3646,America/Santo_Domingo,Punta Cana
PUQ,SCCI,President Carlos Ibáñez International Airport,-53.0026,-70.8546,America/Punta_Arenas,Punta Arenas
PUS,RKPK,Gimhae International Airport,35.1795,128.938,Asia/Seoul,Busan
PUY,LDPL,Pula Airport,44.8935,13.9222,Europe/Zagreb,Pula
PVD,KPVD,Rhode Island T. F. Green International Airport,41.725,-71.4257,America/New_York,Providence/Warwick
PVG,ZSPD,Shanghai Pudong International Airport,31.1434,121.805,Asia/Shanghai,Shanghai (Pudong)
PVH,SBPV,Governador Jorge Teixeira de Oliveira International Airport,-8.7085,-63.9023,America/Porto_Velho,Porto Velho
PVR,MMPR,Puerto Vallarta International Airport,20.6799,-105.2544,America/Mexico_City,Puerto Vallarta
PWM,KPWM,Portland International Jetport,43.6462,-70.3093,America/New_York,Portland
PWQ,UASP,Pavlodar International Airport,52.195,77.0731,Asia/Almaty,Pavlodar
PYK,OIIP,Payam International Airport,35.7761,50.8267,Asia/Tehran,Karaj
PZO,SVPR,General Manuel Carlos Piar International Airport,8.2885,-62.7604,America/Caracas,Guyana City
PZU,HSPN,Port Sudan New International Airport,19.4346,37.2341,Africa/Khartoum,Port Sudan
QRO,MMQT,Querétaro Intercontinental Airport,20.6188,-100.1864,America/Mexico_City,Querétaro
RAI,GVNP,Nelson Mandela International Airport,14.9411,-23.4847,Atlantic/Cape_Verde,Praia
RAK,GMMX,Marrakesh Menara Airport,31.6048,-8.0358,Africa/Casablanca,Marrakesh
RAR,NCRG,Rarotonga International Airport,-21.2027,-159.806,Pacific/Rarotonga,Avarua
RBA,GMME,Rabat-Salé Airport,34.0515,-6.7515,Africa/Casablanca,Rabat
RBR,SBRB,Rio Branco-Plácido de Castro International Airport,-9.869,-67.894,America/Rio_Branco,Rio Branco
RDU,KRDU,Raleigh-Durham International Airport,35.8787,-78.7873,America/New_York,Raleigh/Durham
REC,SBRF,Recife/Guararapes - Gilberto Freyre International Airport,-8.1275,-34.923,America/Recife,Recife
RES,SARE,Resistencia International Airport,-27.4499,-59.0561,America/Argentina/Buenos_Aires,Resistencia
REU,LERS,Reus Airport,41.1475,1.1684,Europe/Madrid,Reus
RGL,SAWG,Piloto Civil Norberto Fernández International Airport,-51.6088,-69.3089,America/Argentina/Buenos_Aires,Rio Gallegos
RGN,VYYY,Yangon International Airport,16.9073,96.1332,Asia/Yangon,Yangon
RHO,LGRP,"Rhodes International Airport ""Diagoras""",36.4054,28.0862,Europe/Athens,Rhodes
RIC,KRIC,Richmond International Airport,37.5052,-77.3197,America/New_York,Richmond
RIX,EVRA,Riga International Airport,56.9208,23.9707,Europe/Riga,Riga
RIY,OYRN,Riyan International Airport,14.6622,49.3753,Asia/Aden,Mukalla(Riyan)
RJK,LDRI,Rijeka Airport,45.2164,14.5709,Europe/Zagreb,Rijeka(Omišalj)
RKT,OMRK,Ras Al Khaimah International Airport,25.6135,55.9388,Asia/Dubai,Ras Al Khaimah
RKZ,ZURK,Xigaze Peace Airport / Shigatse Air Base,29.3509,89.2992,Asia/Shanghai,Xigazê (Samzhubzê)
RMF,HEMA,Marsa Alam International Airport,25.5555,34.5924,Africa/Cairo,Marsa Alam
RMI,LIPR,Federico Fellini International Airport,44.02,12.6122,Europe/Rome,Rimini (RN)
RML,VCCC,Colombo Ratmalana International Airport,6.8216,79.8859,Asia/Colombo,Colombo
RMO,LUKK,Chişinău International Airport,46.9277,28.9317,Europe/Chisinau,Chişinău
RMQ,RCMQ,Taichung International Airport / Ching Chuang Kang Air Base,24.2647,120.621,Asia/Taipei,Taichung (Qingshui)
RMU,LEMI,Region of Murcia International Airport,37.8029,-1.1249,Europe/Madrid,Corvera
RNO,KRNO,Reno Tahoe International Airport,39.4991,-119.768,America/Los_Angeles,Reno
ROB,GLRB,Roberts International Airport,6.2338,-10.3623,Africa/Monrovia,Monrovia
ROC,KROC,Frederick Douglass Greater Rochester International Airport,43.1189,-77.6724,America/New_York,Rochester
ROP,PGRO,Rota International Airport,14.1733,145.2411,Pacific/Saipan,Rota Island
ROR,PTRO,Roman Tmetuchl International Airport,7.367,134.5441,Pacific/Palau,Babelthuap Island
ROS,SAAR,Rosario Islas Malvinas International Airport,-32.9036,-60.785,America/Argentina/Buenos_Aires,Rosario
RSI,OERS,Red Sea International Airport,25.628,37.0889,Asia/Riyadh,Hanak
RSW,KRSW,Southwest Florida International Airport,26.5347,-81.7528,America/New_York,Fort Myers
RTB,MHRO,Juan Manuel Gálvez International Airport,16.3168,-86.523,America/Tegucigalpa,Coxen Hole
RTM,EHRD,Rotterdam The Hague Airport,51.9569,4.4372,Europe/Amsterdam,Rotterdam
RUH,OERK,King Khalid International Airport,24.9576,46.6988,Asia/Riyadh,Riyadh
RUN,FMEE,Roland Garros Airport,-20.8901,55.5189,Indian/Reunion,Sainte-Marie
RVN,EFRO,Rovaniemi Airport,66.5633,25.8298,Europe/Helsinki,Rovaniemi
RZE,EPRZ,Rzeszów-Jasionka Airport,50.1098,22.0242,Europe/Warsaw,Jasionka
SAG,VASD,Shirdi International Airport,19.6892,74.3737,Asia/Kolkata,Kakadi
SAH,OYSN,Sanaa International Airport,15.4763,44.2197,Asia/Aden,Sanaa
SAI,VDSA,Siem Reap-Angkor International Airport,13.3697,104.2238,Asia/Phnom_Penh,Siem Reap
SAL,MSLP,El Salvador International Airport Saint Óscar Arnulfo Romero y Galdámez,13.4445,-89.0558,America/El_Salvador,San Salvador (San Luis Talpa)
SAN,KSAN,San Diego International Airport,32.7336,-117.19,America/Los_Angeles,San Diego
SAP,MHLM,Ramón Villeda Morales International Airport,15.4526,-87.9236,America/Tegucigalpa,San Pedro Sula
SAT,KSAT,San Antonio International Airport,29.5337,-98.4698,America/Chicago,San Antonio
SAV,KSAV,Savannah Hilton Head International Airport,32.1266,-81.2,America/New_York,Savannah
SAW,LTFJ,Istanbul Sabiha Gökçen International Airport,40.8986,29.3092,Europe/Istanbul,"Pendik, Istanbul"
SBD,KSBD,San Bernardino International Airport,34.0967,-117.2366,America/Los_Angeles,San Bernardino
SBZ,LRSB,Sibiu International Airport,45.7858,24.0867,Europe/Bucharest,Sibiu
SCL,SCEL,Comodoro Arturo Merino Benítez International Airport,-33.393,-70.7858,America/Santiago,Santiago
SCO,UATE,Aktau International Airport,43.8601,51.0909,Asia/Almaty,Aktau
SCQ,LEST,Santiago-Rosalía de Castro Airport,42.8963,-8.4151,Europe/Madrid,Santiago de Compostela
SCR,ESKS,Scandinavian Mountains Airport,61.1651,12.8335,Europe/Stockholm,Malung-Sälen
SCU,MUCU,Antonio Maceo International Airport,19.9747,-75.8355,America/Havana,Santiago
SCV,LRSV,Suceava Ștefan cel Mare International Airport,47.6875,26.3541,Europe/Bucharest,Suceava
SDF,KSDF,Louisville Muhammad Ali International Airport,38.1706,-85.7351,America/Kentucky/Louisville,Louisville
SDJ,RJSS,Sendai Airport,38.1397,140.917,Asia/Tokyo,Natori
SDQ,MDSD,Las Américas International Airport,18.4297,-69.6689,America/Santo_Domingo,Santo Domingo
SDU,SBRJ,Santos Dumont Airport,-22.9104,-43.1628,America/Sao_Paulo,Rio de Janeiro
SEA,KSEA,Seattle–Tacoma International Airport,47.4479,-122.3103,America/Los_Angeles,Seattle
SEZ,FSIA,Seychelles International Airport,-4.6743,55.5218,Indian/Mahe,Victoria
SFB,KSFB,Orlando Sanford International Airport,28.7743,-81.2346,America/New_York,Orlando
SFO,KSFO,San Francisco International Airport,37.6198,-122.3748,America/Los_Angeles,San Francisco
SFS,RPLB,Subic Bay International Airport / Naval Air Station Cubi Point,14.7948,120.2719,Asia/Manila,Olongapo
SGC,USRR,Surgut International Airport,61.3405,73.4058,Asia/Yekaterinburg,Surgut
SGN,VVTS,Tan Son Nhat International Airport,10.8188,106.652,Asia/Ho_Chi_Minh,Ho Chi Minh City
SHA,ZSSS,Shanghai Hongqiao International Airport,31.1981,121.3343,Asia/Shanghai,Shanghai (Minhang)
SHE,ZYTX,Shenyang Taoxian International Airport,41.6398,123.4837,Asia/Shanghai,Shenyang
SHJ,OMSJ,Sharjah International Airport,25.3286,55.5172,Asia/Dubai,Sharjah
SHO,FDSK,King Mswati III International Airport,-26.3586,31.7169,Africa/Mbabane,Mpaka
SID,GVAC,Amílcar Cabral International Airport,16.7414,-22.9494,Atlantic/Cape_Verde,Espargos
SIN,WSSS,Singapore Changi Airport,1.3502,103.994,Asia/Singapore,Singapore
SJC,KSJC,Mineta San Jose International Airport,37.3625,-121.9292,America/Los_Angeles,San Jose
SJD,MMSD,Los Cabos International Airport,23.1519,-109.7207,America/Mazatlan,San José del Cabo
SJJ,LQSA,Sarajevo International Airport,43.8246,18.3315,Europe/Sarajevo,Sarajevo
SJO,MROC,Juan Santamaría International Airport,9.9939,-84.2088,America/Costa_Rica,San José (Alajuela)
SJU,TJSJ,Luis Munoz Marin International Airport,18.4394,-66.0018,America/Puerto_Rico,San Juan
SJW,ZBSJ,Shijiazhuang Zhengding International Airport,38.2807,114.697,Asia/Shanghai,Shijiazhuang
SKB,TKPK,Robert L. Bradshaw International Airport,17.3108,-62.7191,America/St_Kitts,Basseterre
SKD,UZSS,Samarkand International Airport,39.7018,66.9815,Asia/Tashkent,Samarkand
SKG,LGTS,Thessaloniki Macedonia International Airport,40.5193,22.97,Europe/Athens,Thessaloniki
SKO,DNSO,Sadiq Abubakar III International Airport,12.9157,5.2075,Africa/Lagos,Sokoto
SKP,LWSK,Skopje International Airport,41.9581,21.6226,Europe/Skopje,Ilinden
SKT,OPST,Sialkot International Airport,32.5359,74.3646,Asia/Karachi,Sialkot
SKX,UWPS,Saransk International Airport,54.1251,45.2123,Europe/Moscow,Saransk
SLA,SASA,Martín Miguel de Güemes International Airport,-24.856,-65.4862,America/Argentina/Buenos_Aires,Salta
SLC,KSLC,Salt Lake City International Airport,40.7889,-111.9799,America/Denver,Salt Lake City
SLL,OOSA,Salalah International Airport,17.0387,54.0913,Asia/Muscat,Salalah
SLZ,SBSL,Marechal Cunha Machado International Airport,-2.5864,-44.235,America/Fortaleza,São Luís
SMF,KSMF,Sacramento International Airport,38.6954,-121.591,America/Los_Angeles,Sacramento
SNA,KSNA,John Wayne Orange County International Airport,33.6751,-117.8693,America/Los_Angeles,Santa Ana
SNC,SESA,General Ulpiano Paez International Airport,-2.2101,-80.9851,America/Guayaquil,Salinas/La Libertad
SNN,EINN,Shannon Airport,52.702,-8.9248,Europe/Dublin,Shannon
SNU,MUSC,Abel Santamaria International Airport,22.4922,-79.9431,America/Havana,Santa Clara
SOC,WAHQ,Adisoemarmo International Airport,-7.516,110.7575,Asia/Jakarta,Surakarta
SOF,LBSF,Sofia Airport,42.6964,23.4177,Europe/Sofia,Sofia
SPU,LDSP,Split Saint Jerome Airport,43.5389,16.298,Europe/Zagreb,Split
SPX,HESX,Sphinx International Airport,30.1082,30.8957,Africa/Cairo,Al Jiza
SRE,SLAL,Alcantarí International Airport,-19.2468,-65.1496,America/La_Paz,Sucre
SRG,WAHS,Jenderal Ahmad Yani Airport,-6.9707,110.3732,Asia/Jakarta,Semarang
SRQ,KSRQ,Sarasota Bradenton International Airport,27.3946,-82.5544,America/New_York,Sarasota/Bradenton
SSA,SBSV,Deputado Luiz Eduardo Magalhães International Airport,-12.9086,-38.3225,America/Bahia,Salvador
SSG,FGSL,Malabo International Airport,3.7553,8.7087,Africa/Malabo,Malabo
SSH,HESH,Sharm El Sheikh International Airport,27.9773,34.3947,Africa/Cairo,Sharm El Sheikh
STI,MDST,Cibao International Airport,19.4041,-70.6044,America/Santo_Domingo,Santiago
STL,KSTL,St. Louis Lambert International Airport,38.7487,-90.37,America/Chicago,St Louis
STN,EGSS,London Stansted Airport,51.885,0.235,Europe/London,"London, Essex"
STR,EDDS,Stuttgart Airport,48.6899,9.222,Europe/Berlin,Stuttgart
STT,TIST,Cyril E. King Airport,18.3371,-64.9773,America/St_Thomas,Charlotte Amalie
STV,VASU,Surat International Airport,21.1155,72.7433,Asia/Kolkata,Surat
SUB,WARR,Juanda International Airport,-7.3798,112.787,Asia/Jakarta,Surabaya
SUF,LICA,Lamezia Terme Sant'Eufemia International Airport,38.9062,16.246,Europe/Rome,Lamezia Terme (CZ)
SUI,UGSS,Vladislav Ardzinba Sukhum International Airport,42.8582,41.1281,Asia/Tbilisi,Sukhumi
SUV,NFNA,Nausori International Airport,-18.0442,178.5615,Pacific/Fiji,Nausori
SVD,TVSA,Argyle International Airport,13.1597,-61.1488,America/St_Vincent,Kingstown
SVG,ENZV,"Stavanger Airport, Sola",58.8767,5.6378,Europe/Oslo,Stavanger
SVO,UUEE,Sheremetyevo International Airport,55.9769,37.4112,Europe/Moscow,Moscow
SVQ,LEZL,Seville Airport,37.418,-5.8931,Europe/Madrid,Seville
SVX,USSS,Koltsovo Airport,56.7431,60.8027,Asia/Yekaterinburg,Yekaterinburg
SWA,ZGOW,Jieyang Chaoshan International Airport,23.552,116.5033,Asia/Shanghai,Jieyang (Rongcheng)
SXB,LFST,Strasbourg Airport,48.5383,7.6282,Europe/Paris,Strasbourg
SXM,TNCM,Princess Juliana International Airport,18.041,-63.1089,America/Lower_Princes,Sint Maarten
SXR,VISR,Srinagar International Airport,33.9871,74.7742,Asia/Kolkata,Srinagar
SYD,YSSY,Sydney Kingsford Smith International Airport,-33.9461,151.177,Australia/Sydney,Sydney (Mascot)
SYR,KSYR,Syracuse Hancock International Airport,43.1112,-76.1063,America/New_York,Syracuse
SYX,ZJSY,Sanya Phoenix International Airport,18.3029,109.412,Asia/Shanghai,Sanya (Tianya)
SYZ,OISS,Shiraz Shahid Dastghaib International Airport,29.5392,52.5898,Asia/Tehran,Shiraz
SZB,WMSA,Sultan Abdul Aziz Shah International Airport,3.1306,101.549,Asia/Kuala_Lumpur,Subang
SZG,LOWS,Salzburg Airport,47.7933,13.0043,Europe/Vienna,Salzburg
SZX,ZGSZ,Shenzhen Bao'an International Airport,22.6395,113.8033,Asia/Shanghai,Shenzhen
SZZ,EPSC,Solidarity Szczecin–Goleniów Airport,53.5847,14.9022,Europe/Warsaw,Szczecin(Glewice)
TAB,TTCP,A.N.R. Robinson International Airport,11.1496,-60.8313,America/Port_of_Spain,Scarborough
TAE,RKTN,Daegu International Airport,35.8944,128.657,Asia/Seoul,Daegu
TAG,RPSP,Bohol-Panglao International Airport,9.573,123.7701,Asia/Manila,Panglao
TAK,RJOT,Takamatsu Airport,34.215,134.0155,Asia/Tokyo,Takamatsu
TAO,ZSQD,Qingdao Jiaodong International Airport,36.362,120.0882,Asia/Shanghai,Qingdao (Jiaozhou)
TAS,UZTT,Tashkent International Airport,41.2579,69.2812,Asia/Tashkent,Tashkent
TAZ,UTAT,Dashoguz International Airport,41.7599,59.8361,Asia/Ashgabat,Daşoguz
TBS,UGTB,Tbilisi International Airport,41.6692,44.9547,Asia/Tbilisi,Tbilisi
TBU,NFTF,Fua'amotu International Airport,-21.2414,-175.1492,Pacific/Tongatapu,Nuku'alofa
TBZ,OITT,Tabriz International Airport,38.1339,46.235,Asia/Tehran,Tabriz
TET,FQTT,Tete Airport,-16.1048,33.6402,Africa/Maputo,Tete
TFN,GCXO,Tenerife Norte-Ciudad de La Laguna Airport,28.4828,-16.3417,Atlantic/Canary,Tenerife
TFS,GCTS,Tenerife Sur Airport,28.0445,-16.5725,Atlantic/Canary,Tenerife
TFU,ZUTF,Chengdu Tianfu International Airport,30.3125,104.4413,Asia/Shanghai,Chengdu (Jianyang)
TGD,LYPG,Podgorica Airport / Podgorica Golubovci Airbase,42.3594,19.2519,Europe/Podgorica,Podgorica
THR,OIII,Mehrabad International Airport,35.6892,51.3144,Asia/Tehran,Tehran
TIA,LATI,Tirana International Airport Mother Teresa,41.4147,19.7206,Europe/Tirane,Rinas
TIF,OETF,Taif International Airport,21.4847,40.5441,Asia/Riyadh,Taif
TIJ,MMTJ,General Abelardo L. Rodriguez International Airport,32.541,-116.97,America/Tijuana,Tijuana
TIR,VOTP,Tirupati International Airport,13.632,79.5399,Asia/Kolkata,Tirupati
TJM,USTR,Roshchino International Airport,57.179,65.3277,Asia/Yekaterinburg,Tyumen
TJU,UTDK,Kulob International Airport,37.9881,69.805,Asia/Dushanbe,Kulob
TKK,PTKK,Chuuk International Airport,7.4619,151.843,Pacific/Chuuk,Weno Island
TKS,RJOS,Tokushima Awaodori Airport / JMSDF Tokushima Air Base,34.1326,134.6078,Asia/Tokyo,Tokushima
TKU,EFTU,Turku Airport,60.5141,22.2628,Europe/Helsinki,Turku
TLC,MMTO,Adolfo López Mateos International Airport,19.3369,-99.5658,America/Mexico_City,Toluca
TLL,EETN,Lennart Meri Tallinn Airport,59.4132,24.8326,Europe/Tallinn,Tallinn
TLM,DAON,Zenata – Messali El Hadj Airport,35.0127,-1.4571,Africa/Algiers,Zenata
TLS,LFBO,Toulouse-Blagnac Airport,43.6291,1.3638,Europe/Paris,Toulouse/Blagnac
TLV,LLBG,Ben Gurion International Airport,32.0114,34.8867,Asia/Jerusalem,Tel Aviv
TML,DGLE,Yakubu Tali International Airport,9.5539,-0.8661,Africa/Accra,Tamale
TMM,FMMT,Toamasina Ambalamanasy Airport,-18.1135,49.3923,Indian/Antananarivo,Toamasina
TMP,EFTP,Tampere-Pirkkala Airport,61.4141,23.6044,Europe/Helsinki,Tampere / Pirkkala
TMR,DAAT,Aguenar – Hadj Bey Akhamok Airport,22.811,5.4508,Africa/Algiers,Tamanrasset
TMS,FPST,São Tomé International Airport,0.3782,6.7122,Africa/Sao_Tome,São Tomé
TNA,ZSJN,Jinan Yaoqiang International Airport,36.8572,117.216,Asia/Shanghai,Jinan (Licheng)
TNG,GMTT,Tangier Ibn Battuta Airport,35.7317,-5.9215,Africa/Casablanca,Tangier
TNN,RCNN,Tainan International Airport / Tainan Air Base,22.9504,120.206,Asia/Taipei,Tainan (Rende)
TNR,FMMI,Ivato International Airport,-18.7969,47.4788,Indian/Antananarivo,Antananarivo
TOF,UNTT,Tomsk Kamov Airport,56.3803,85.2083,Asia/Tomsk,Tomsk
TOM,GATB,Tombouktou Airport,16.7305,-3.0076,Africa/Bamako,Timbuktu
TOS,ENTC,Tromsø Airport,69.6833,18.9189,Europe/Oslo,Tromsø
TPA,KTPA,Tampa International Airport,27.9755,-82.5332,America/New_York,Tampa
TPE,RCTP,Taiwan Taoyuan International Airport,25.0777,121.233,Asia/Taipei,Taoyuan
TQO,MMTL,Felipe Carrillo Puerto International Airport Tulum,20.1721,-87.6603,America/Cancun,Tulum
TRD,ENVA,"Trondheim Airport, Værnes",63.4578,10.924,Europe/Oslo,Trondheim
TRF,ENTO,"Sandefjord Airport, Torp",59.1867,10.2586,Europe/Oslo,Sandefjord(Torp)
TRN,LIMF,Turin Airport,45.2008,7.6496,Europe/Rome,Caselle Torinese (TO)
TRS,LIPQ,Trieste Airport,45.8279,13.4667,Europe/Rome,Ronchi dei Legionari/Trieste
TRU,SPRU,Capitán FAP Carlos Martínez de Pinillos International Airport,-8.0824,-79.1088,America/Lima,Trujillo
TRV,VOTV,Thiruvananthapuram International Airport,8.4819,76.92,Asia/Kolkata,Thiruvananthapuram
TRW,NGTA,Bonriki International Airport,1.3816,173.147,Pacific/Tarawa,South Tarawa
TRZ,VOTR,Tiruchirappalli International Airport,10.7629,78.7177,Asia/Kolkata,Tiruchirappalli
TSA,RCSS,Taipei Songshan International Airport,25.0672,121.5528,Asia/Taipei,Taipei (Songshan)
TSF,LIPH,Treviso Airport,45.6484,12.1944,Europe/Rome,Treviso (TV)
TSN,ZBTJ,Tianjin Binhai International Airport,39.1244,117.346,Asia/Shanghai,Tianjin
TSR,LRTR,Timișoara Traian Vuia International Airport,45.8099,21.3379,Europe/Bucharest,Timişoara
TTU,GMTN,Sania Ramel Airport,35.5943,-5.32,Africa/Casablanca,Tétouan
TUC,SANT,Teniente Benjamín Matienzo International Airport,-26.8374,-65.1042,America/Argentina/Buenos_Aires,San Miguel de Tucumán
TUK,OPTU,Turbat International Airport,25.9848,63.0289,Asia/Karachi,Turbat
TUL,KTUL,Tulsa International Airport,36.1971,-95.8862,America/Chicago,Tulsa
TUN,DTTA,Tunis Carthage International Airport,36.851,10.2272,Africa/Tunis,Tunis
TUS,KTUS,Tucson International Airport,32.115,-110.9381,America/Phoenix,Tucson
TUU,OETB,Prince Sultan bin Abdulaziz International Airport,28.3711,36.6249,Asia/Riyadh,Tabuk
TXN,ZSTX,Huangshan Tunxi International Airport,29.7333,118.256,Asia/Shanghai,Huangshan
TYN,ZBYN,Taiyuan Wusu International Airport,37.7469,112.628,Asia/Shanghai,Taiyuan
TYS,KTYS,McGhee Tyson Airport,35.811,-83.994,America/New_York,Knoxville/Maryville
TZL,LQTZ,Tuzla International Airport,44.4599,18.7236,Europe/Sarajevo,Dubrave Gornje
UBN,ZMCK,Ulaanbaatar Chinggis Khaan International Airport,47.6469,106.8198,Asia/Ulaanbaatar,Ulaanbaatar (Sergelen)
UET,OPQT,Quetta International Airport,30.2514,66.9378,Asia/Karachi,Quetta
UFA,UWUU,Ufa International Airport,54.5575,55.8744,Asia/Yekaterinburg,Ufa
UGC,UZNU,Urgench International Airport,41.5827,60.6434,Asia/Tashkent,Urgench
UIO,SEQM,Mariscal Sucre International Airport,-0.1254,-78.3543,America/Guayaquil,Quito
UKB,RJBE,Kobe Airport,34.6328,135.224,Asia/Tokyo,Kobe
UKK,UASK,Oskemen International Airport,50.035,82.4961,Asia/Almaty,Ust-Kamenogorsk (Oskemen)
ULH,OEAO,Al-Ula International Airport,26.4836,38.117,Asia/Riyadh,Al-Ula
UME,ESNU,Umeå Airport,63.7918,20.2828,Europe/Stockholm,Umeå
UPG,WAAA,Sultan Hasanuddin International Airport,-5.0755,119.5537,Asia/Makassar,Makassar
URA,UARR,Manshuk Mametova International Airport,51.152,51.5437,Asia/Almaty,Uralsk
URC,ZWWW,Ürümqi Tianshan International Airport,43.9136,87.4794,Asia/Shanghai,Ürümqi
USM,VTSM,Samui International Airport,9.5478,100.062,Asia/Bangkok,Na Thon (Ko Samui Island)
UTH,VTUD,Udon Thani International Airport,17.3862,102.7886,Asia/Bangkok,Udon Thani
UTP,VTBU,U-Tapao–Rayong–Pattaya International Airport,12.6799,101.005,Asia/Bangkok,Rayong
UUD,UIUU,Baikal International Airport,51.8086,107.4397,Asia/Irkutsk,Ulan Ude
UUS,UHSS,Yuzhno-Sakhalinsk International Airport,46.8855,142.7175,Asia/Sakhalin,Yuzhno-Sakhalinsk
UVF,TLPL,Hewanorra International Airport,13.7332,-60.9526,America/St_Lucia,Vieux Fort
UYU,SLUY,Joya Andina International Airport,-20.4413,-66.8576,America/La_Paz,Quijarro
VAA,EFVA,Vaasa Airport,63.0502,21.7625,Europe/Helsinki,Vaasa
VAR,LBWN,Varna Airport,43.2321,27.8251,Europe/Sofia,Varna
VAV,NFTV,Vava'u International Airport,-18.5853,-173.962,Pacific/Tongatapu,Vava'u Island
VBY,ESSV,Visby Airport,57.6628,18.3462,Europe/Stockholm,Visby
VCA,VVCT,Can Tho International Airport,10.0834,105.7094,Asia/Ho_Chi_Minh,Can Tho
VCE,LIPZ,Venice Marco Polo Airport,45.5053,12.3519,Europe/Rome,Venezia (VE)
VCP,SBKP,Viracopos International Airport,-23.0074,-47.1345,America/Sao_Paulo,Campinas
VER,MMVR,General Heriberto Jara International Airport,19.1396,-96.1886,America/Mexico_City,Veracruz
VFA,FVFA,Victoria Falls International Airport,-18.0974,25.8369,Africa/Harare,Victoria Falls
VGA,VOBZ,Vijayawada International Airport,16.53,80.8049,Asia/Kolkata,Vijayawada
VIE,LOWW,Vienna International Airport,48.1103,16.5697,Europe/Vienna,Vienna
VIL,GMMH,Dakhla Airport,23.7183,-15.932,Africa/El_Aaiun,Dakhla
VIX,SBVT,Eurico de Aguiar Salles International Airport,-20.258,-40.285,America/Sao_Paulo,Vitória
VKO,UUWW,Vnukovo International Airport,55.5915,37.2615,Europe/Moscow,Moscow
VLC,LEVC,Valencia Airport,39.4892,-0.481,Europe/Madrid,Valencia
VLI,NVVV,Bauerfield International Airport,-17.6993,168.32,Pacific/Efate,Port Vila
VLN,SVVA,Arturo Michelena International Airport,10.1497,-67.9284,America/Caracas,Valencia
VNO,EYVI,Vilnius International Airport,54.6341,25.2858,Europe/Vilnius,Vilnius
VNS,VEBN,Lal Bahadur Shastri International Airport,25.4522,82.8625,Asia/Kolkata,Varanasi
VOG,URWW,Volgograd International Airport,48.7813,44.3392,Europe/Volgograd,Volgograd
VRA,MUVR,Juan Gualberto Gomez International Airport,23.0344,-81.4353,America/Havana,Matanzas
VRN,LIPX,Verona Villafranca Valerio Catullo Airport,45.395,10.8873,Europe/Rome,Caselle (VR)
VSA,MMVA,Carlos Rovirosa Pérez International Airport,17.9943,-92.8182,America/Mexico_City,Villahermosa
VST,ESOW,Stockholm Västerås Airport,59.5894,16.6336,Europe/Stockholm,Stockholm / Västerås
VTE,VLVT,Wattay International Airport,17.9851,102.5667,Asia/Vientiane,Vientiane
VTZ,VOVI,Alluri Sitarama Raju International Airport (Vizag),17.9715,83.5036,Asia/Kolkata,Visakhapatnam
VVI,SLVR,Viru Viru International Airport,-17.6448,-63.1354,America/La_Paz,Santa Cruz
VVO,UHWW,Vladivostok International Airport,43.3963,132.1482,Asia/Vladivostok,Artyom
VXE,GVSV,Cesaria Evora International Airport,16.8334,-25.0553,Atlantic/Cape_Verde,São Pedro
WAW,EPWA,Warsaw Chopin Airport,52.1657,20.9671,Europe/Warsaw,Warsaw
WDH,FYWH,Hosea Kutako International Airport,-22.4799,17.4709,Africa/Windhoek,Windhoek
WLG,NZWN,Wellington International Airport,-41.3268,174.8069,Pacific/Auckland,Wellington
WLS,NLWW,Hihifo Airport,-13.2394,-176.1986,Pacific/Wallis,Wallis Island
WMI,EPMO,Warsaw Modlin Airport,52.4511,20.6518,Europe/Warsaw,Nowy Dwór Mazowiecki
WNZ,ZSWZ,Wenzhou Longwan International Airport,27.9106,120.8535,Asia/Shanghai,Wenzhou (Longwan)
WRO,EPWR,Copernicus Wrocław Airport,51.1037,16.8821,Europe/Warsaw,Wrocław
WTB,YBWW,Toowoomba Wellcamp Airport,-27.5583,151.7933,Australia/Brisbane,Toowoomba
WUH,ZHHH,Wuhan Tianhe International Airport,30.7748,114.2137,Asia/Shanghai,Wuhan (Huangpi)
WUX,ZSWX,Sunan Shuofang International Airport,31.497,120.4304,Asia/Shanghai,Wuxi
WVB,FYWB,Walvis Bay International Airport,-22.9793,14.6471,Africa/Windhoek,Walvis Bay(Rooikop)
XBJ,OIMB,Birjand International Airport,32.8965,59.2813,Asia/Tehran,Birjand
XIY,ZLXY,Xi'an Xianyang International Airport,34.4422,108.7624,Asia/Shanghai,Xi'an
XMN,ZSAM,Xiamen Gaoqi International Airport,24.5439,118.1275,Asia/Shanghai,Xiamen
XNN,ZLXN,Xining Caojiabao International Airport,36.5277,102.0402,Asia/Shanghai,Haidong (Huzhu Tu Autonomous County)
XPL,MHPR,Palmerola International Airport,14.3824,-87.6212,America/Tegucigalpa,Palmerola
YAP,PTYA,Yap International Airport,9.4989,138.083,Pacific/Chuuk,Yap Island
YCU,ZBYC,Yuncheng Yanhu International Airport,35.1178,111.034,Asia/Shanghai,Yuncheng (Yanhu)
YEG,CYEG,Edmonton International Airport,53.3097,-113.58,America/Edmonton,Edmonton
YHM,CYHM,John C. Munro Hamilton International Airport,43.1713,-79.9294,America/Toronto,Hamilton
YHZ,CYHZ,Halifax / Stanfield International Airport,44.8808,-63.5086,America/Halifax,Halifax
YIA,WAHI,Yogyakarta International Airport,-7.9053,110.0573,Asia/Jakarta,Yogyakarta
YIW,ZSYW,Yiwu Airport,29.3421,120.0312,Asia/Shanghai,Yiwu/Jinhua
YKS,UEEE,Platon Oyunsky Yakutsk International Airport,62.0933,129.771,Asia/Yakutsk,Yakutsk
YLW,CYLW,Kelowna International Airport,49.9561,-119.378,America/Vancouver,Kelowna
YNB,OEYN,Prince Abdulmohsen Bin Abdulaziz International Airport,24.1442,38.0634,Asia/Riyadh,Yanbu
YNT,ZSYT,Yantai Penglai International Airport,37.6597,120.9781,Asia/Shanghai,Yantai
YNY,RKNY,Yangyang International Airport,38.0605,128.6698,Asia/Seoul,Gonghang-ro
YNZ,ZSYN,Yancheng Nanyang International Airport,33.4283,120.2054,Asia/Shanghai,Yancheng (Tinghu)
YOW,CYOW,Ottawa Macdonald-Cartier International Airport,45.3225,-75.6692,America/Toronto,Ottawa
YQB,CYQB,Quebec Jean Lesage International Airport,46.7911,-71.3933,America/Toronto,Quebec
YQG,CYQG,Windsor International Airport,42.2756,-82.9556,America/Toronto,Windsor
YUL,CYUL,Montreal / Pierre Elliott Trudeau International Airport,45.4678,-73.7423,America/Toronto,Montréal
YVR,CYVR,Vancouver International Airport,49.1939,-123.184,America/Vancouver,Vancouver
YWG,CYWG,Winnipeg / James Armstrong Richardson International Airport,49.91,-97.2399,America/Winnipeg,Winnipeg
YXE,CYXE,Saskatoon John G. Diefenbaker International Airport,52.1707,-106.7008,America/Regina,Saskatoon
YYC,CYYC,Calgary International Airport,51.1188,-114.0099,America/Edmonton,Calgary
YYJ,CYYJ,Victoria International Airport,48.6472,-123.4278,America/Vancouver,Victoria
YYT,CYYT,St. John's International Airport,47.6186,-52.7519,America/St_Johns,St. John's
YYZ,CYYZ,Toronto Pearson International Airport,43.6759,-79.6294,America/Toronto,Toronto
ZAD,LDZD,Zadar Airport,44.097,15.3536,Europe/Zagreb,Zadar
ZAG,LDZA,Zagreb Franjo Tuđman International Airport,45.7429,16.0688,Europe/Zagreb,Velika Gorica
ZAH,OIZH,Zahedan International Airport,29.4757,60.9062,Asia/Tehran,Zahedan
ZAM,RPMZ,Zamboanga International Airport,6.9224,122.06,Asia/Manila,Zamboanga
ZAZ,LEZG,Zaragoza Airport,41.6662,-1.0415,Europe/Madrid,Zaragoza
ZCO,SCQP,La Araucanía International Airport,-38.9259,-72.6515,America/Santiago,Temuco
ZHA,ZGZJ,Zhanjiang Wuchuan International Airport,21.4817,110.5903,Asia/Shanghai,Zhanjiang
ZIA,UUBW,Zhukovsky International Airport,55.5533,38.15,Europe/Moscow,Moscow
ZIH,MMZH,Ixtapa-Zihuatanejo International Airport,17.6018,-101.4606,America/Mexico_City,Ixtapa
ZNZ,HTZA,Abeid Amani Karume International Airport,-6.222,39.2249,Africa/Dar_es_Salaam,Zanzibar
ZQN,NZQN,Queenstown Airport,-45.0192,168.7464,Pacific/Auckland,Queenstown
ZRH,LSZH,Zürich Airport,47.4581,8.5481,Europe/Zurich,Zurich
ZSA,MYSM,San Salvador International Airport,24.063,-74.5232,America/Nassau,San Salvador
ZSE,FMEP,Saint-Pierre Pierrefonds Airport,-21.3194,55.4225,Indian/Reunion,Saint-Pierre
ZUH,ZGSD,Zhuhai Jinwan Airport,22.0064,113.376,Asia/Shanghai,Zhuhai (Jinwan)
ZYL,VGSY,Osmany International Airport,24.964,91.8647,Asia/Dhaka,Sylhet
